LE,gammaE,LA,LS,w
46.73626958635481,0.3878958605813418,27.960504889523463,188.38196720639098,0.705897537025189
43.66594130694962,0.37271146161278507,29.10587981654271,198.62947821878376,0.7069407604340258
37.045780321637956,0.38124619857702957,30.86036716738907,190.1322103144017,0.5525250215582778
28.3209978947663,0.38938462666286694,34.10645832497322,196.55810818916433,0.6740048942052315
29.72194290202715,0.41803894374134376,33.47495729474649,217.7858193327381,0.517291453714295
31.504589986191156,0.4259691193578572,28.415190310586464,265.63254989196224,0.6180597356941105
30.552239310280136,0.42159241175763407,27.677111856713214,231.4381626539172,0.5774232718789842
28.758199862072452,0.3845393691698287,40.58563936727811,240.82801233530452,0.6419949043737969
30.37763259577053,0.4340628019491743,41.114451768908744,226.3661570897987,0.6107932417084562
29.071945224164306,0.4185636361982825,41.60328116650933,193.76757214792116,0.6467437162229324
25.891923503225325,0.42157699973119156,39.837816627333304,226.99031427516547,0.6042530313861676
31.80885826013187,0.41105666751494635,35.393715064478,195.50717316180052,0.6584790342528556
29.97195213380199,0.3763855134085248,25.247838477361764,469.34989239845305,0.3951939819198897
32.02531208223727,0.38586075764998046,27.98351244419434,425.61929543859844,0.4073458227124448
31.698573324191322,0.3805162825265656,30.440421563854848,351.0131033905372,0.5134194618679411
30.18094116861095,0.3876318298726774,35.427715895308516,339.2217628034696,0.5885467107128793
26.721691355105992,0.4379408695713298,30.635594602773,207.9760768000113,0.5587289003129957
29.32316544657485,0.3885235420802815,31.17225599324505,324.8294635276505,0.6015664097267269
44.50204722502445,0.3982202428711542,34.24611281374738,194.69931837704505,0.6307918948750427
36.25056022538937,0.32870218226227405,22.932003668580254,345.67127779945264,0.5546703011172802
39.0346322858876,0.33772087635468345,23.50180248793325,316.92651283762876,0.5396980362835435
39.45330182513848,0.356656637897503,31.87787663171828,283.9579484256468,0.6031800694143724
40.25293883209943,0.37033166704238196,31.06273601978619,239.71730327791144,0.56980730090718
35.99489864758922,0.3411764018652164,34.22165376245833,193.24345621714153,0.6143464366239728
39.765827520845264,0.38064776978225245,32.94121459241378,259.53087563159477,0.6172727172866103
29.909629263791714,0.3903601315721845,28.34503197917117,248.11745645253538,0.5506958151257926
28.181215268247776,0.38938366335910113,37.272978982076026,307.658753645753,0.506052343544959
33.01710772788548,0.3917090877672478,28.30303923503386,334.6567708258039,0.5168561640839456
31.565036580407043,0.38702742330520407,24.501816793662844,317.42622531146606,0.4972209463934353
31.0304041240251,0.38392153314315,29.360650577085604,298.9538266224018,0.5107279182740542
30.25125808903577,0.38629553012276346,32.017404966338184,368.4569323444199,0.5419832818859778
38.018481621168064,0.36728254498717466,23.258828215035958,332.3216081955346,0.4494535270755065
23.56153419440443,0.4007084193713372,31.281190020571874,351.08695049700765,0.4783343382621025
38.78326680812506,0.3875082922868455,31.211413519593034,339.52943442378336,0.49640825301501035
28.77723890673058,0.3842643494659682,35.726554192535325,307.19046850521875,0.5239027142753119
34.428258492847796,0.3992541819104777,37.81490021694204,337.9782744888208,0.5508779120752602
24.731920517444163,0.4006092720543541,39.8532485604975,347.4075426173255,0.4261504085262063
31.825775359032523,0.376531767890569,39.0545315943514,255.6855378702141,0.5551910361169522
35.588972765222294,0.40337620400610835,38.59723213086823,219.60938815921344,0.6445904261258462
34.72975907731012,0.3704838811350084,23.632161083128832,324.3114478079707,0.6323072019547464
31.78691187505121,0.39677498050861554,41.14790139631537,301.07807430228627,0.6011720972683715
36.35454129982298,0.4044124669743251,35.89427202273285,209.57796382953867,0.5697348636817218
41.89399575850462,0.31557505622875265,29.129690441340532,259.8063592200696,0.591589527136125
41.38576038699418,0.3129717088975459,29.582839833645547,247.8538411537569,0.592389868114855
38.954641140020826,0.3921791627441156,29.03645857649675,219.91290442156813,0.6741886479693674
26.217371562283162,0.40871494830436034,33.868566298642705,388.86681197954744,0.5479795066033778
28.811092087805502,0.41635209383193833,28.094017277172732,234.14860810847915,0.5062488474377401
27.21282075617529,0.41299113744135413,31.72834402448216,270.91648410496884,0.5800597936996104
28.24596133822138,0.43002361051817656,35.70197459049666,248.50080669682524,0.6093310482159067
31.40332202472525,0.4121178646318656,38.10967925542984,248.59577300723112,0.6325434927976779
31.416966880813455,0.38680750150760457,27.28979739460296,524.7725636715949,0.42757578191832607
29.639357158836543,0.37771108357970884,28.434971673196124,511.49902393254445,0.40518590173126273
30.01911304098382,0.3983141551596675,25.710909504467548,661.579130741899,0.4251524575090897
38.2819033008866,0.34875538017202107,30.13371038300775,343.27527728273145,0.3906672971389768
47.22781921185253,0.3361063619223746,25.475866342857124,358.92317452757493,0.6130350370337613
44.05022121488361,0.3302082614587532,23.21518383439925,333.6971290363937,0.5811839084311461
43.07980896189089,0.3349162198074281,34.28005571697491,272.8505815659795,0.5636019345289525
29.641198055556906,0.37300317622667384,35.394917182642736,315.79844620719484,0.5942500623499174
29.62355241357702,0.36141206924482266,38.965349967882865,281.15279357801126,0.5823712703758506
25.84022270143233,0.41898558193753926,20.675551055691873,356.65947304977175,0.40936829715945183
31.508588371791756,0.4245194148098201,22.999097122661524,475.2955703560445,0.46115576739412245
29.21281629642759,0.39404688817373035,36.08281419884307,214.85586286342533,0.5536635592904484
24.61308177667476,0.3779366164885033,20.755984694641327,483.406109948597,0.3855058993444973
37.928625326022434,0.3889220879614285,34.704734068330346,389.9893553113407,0.4199313339562904
34.57510246975195,0.42069931678615785,43.41767724992431,140.25350349738594,0.6487818770011606
27.436700825292483,0.37257243039075,42.074242959755715,262.18032241116816,0.6232693519424217
34.423987449440396,0.4191142877016733,40.72323889922421,262.3320567357498,0.5579219464644238
30.80271232347463,0.3748953383681153,32.0692259466018,320.4175688806493,0.5857538476855058
42.28800421363239,0.39773150340394287,33.53110396692433,183.99703699797425,0.6241277784887688
30.807428783830897,0.3775085995523146,27.287021800537147,221.5508303338524,0.6717408444201148
34.77125308594643,0.40280170987811426,35.129880878479085,270.9607760423412,0.5389711423586029
35.0745351779838,0.3810905746438644,30.75248268878128,283.3101325394762,0.5378133711998629
37.870129962553094,0.3636672119876909,32.352610962962935,288.90328868024943,0.577667969293179
35.54423304184204,0.36969976580375596,29.056286778458798,351.1710458793017,0.5147468187256578
31.247976944028213,0.39798431146620444,30.75517550505672,253.16185411104556,0.5815437381789935
27.210797442540642,0.4104709605831954,38.57333098955211,258.2320244808715,0.614067124341609
28.585874971214214,0.42876420458820624,32.14261675990545,182.83673805293748,0.6616355796311465
35.185745440167466,0.3573351607073989,28.401947401977743,520.0176759010751,0.4047370680424409
38.325115760225934,0.3727934568596264,27.22817622292186,280.3826913692483,0.5295246597544576
33.93687352806814,0.3789874960008679,26.800925716416323,246.2979630491684,0.5373867907838802
30.901539511491038,0.41784911117677004,31.29826860816398,303.8076609466325,0.5890317818103181
27.34713803924731,0.41510278634383924,30.77526874061874,298.73587648779557,0.5711192433817958
31.47076812304905,0.4130546421156778,36.54991036764042,275.034755655288,0.5626796036883013
35.707248512070834,0.36500840555200614,36.33287785003316,248.15992424917505,0.5934057359358396
41.21393206174836,0.35646433489839846,36.265258637030314,236.5454891650752,0.5681999922677508
25.260583706169953,0.4053885498821569,28.75666582742562,227.16111387463005,0.594794245503601
38.24660629645021,0.3792174703908059,29.644004126432044,437.05167648027225,0.4292579243929386
32.51375519438278,0.3723772543646819,28.824810618702106,243.4737037411911,0.588028342423601
34.800154752729256,0.4036387495449225,25.84241153923443,213.29400523625606,0.6243472520168691
31.63664064540598,0.39087820638682297,29.457047852312435,240.4281133010068,0.6380303961509629
30.349485103769947,0.3785398464538085,26.96086531224045,200.55412071876142,0.5846449373986041
43.00586674823434,0.3862219749085574,39.59601832634212,242.89553499904528,0.639638622336822
31.211792468963846,0.41837863018806715,30.94928067922493,326.81649809532666,0.5736005409259561
25.60981213477365,0.4016228734255181,30.691321192398096,282.1513410560603,0.5270974181362376
33.52138323805636,0.4066550142136752,40.89184870799259,344.89585137129,0.49785547088777615
24.76716121201277,0.38724528183104506,40.40695232143707,373.3839331681099,0.4650862636567414
32.71942833212805,0.41786303605336844,30.787207638672733,254.26143901115213,0.5847093997840367
39.97185018132594,0.35698437570987296,25.904195336472938,232.87304328254913,0.6227371894886129
25.184691350037593,0.4214935747343335,35.0071646620583,368.57179310997464,0.4545015046224695
26.774423914188922,0.4168523912891048,38.56837779546128,276.424272270535,0.6012108372499699
38.138592630012816,0.36629063107619625,37.76768084203822,286.5073119300804,0.5484777592622021
36.02524300744408,0.413352172121146,31.51415092027212,277.02876796473174,0.5416247324790802
33.151649394342826,0.39424257482030484,28.20321312358672,325.1790857264938,0.5906822348455155
32.23396248654093,0.3881890510363915,36.51474025508948,380.56979133855356,0.5718657126911115
34.430763783775134,0.3967329252861996,30.916152106290806,264.4927395441277,0.42851901496560785
31.58156553124639,0.40601807372640175,32.88737014734446,296.3833268275157,0.5232452286433922
43.12879455270294,0.33132655781156056,32.172064961242704,177.63917377070752,0.6905723314263249
40.998869120549884,0.3453020535228073,31.91987261863279,181.6434796635989,0.6670930509114761
38.53822644132292,0.376453001365066,35.40600730110673,451.4013173716812,0.46713981700637025
27.963038019007445,0.4000777518913611,18.437042346435902,373.8597084394244,0.4679442405437934
30.70673666432091,0.40397635208483557,27.322515274842445,293.77808865718816,0.48501078561681255
26.381663101398157,0.40255490682680584,33.320959418418134,458.1884652325188,0.42338726742709365
27.948544875180538,0.40288161489009444,26.71249444145324,210.3943214208605,0.6135707188224204
30.68748174682899,0.39985766341021445,41.77774175519067,252.18868277165532,0.6035157081170889
30.68748174682899,0.39985766341021445,41.77774175519067,252.18868277165532,0.6035157081170889
35.80258336512226,0.36019271681210147,28.845585657980237,311.0280591728279,0.57721738979301
24.915694045197093,0.4564847036890775,33.38160959314321,250.0137466816998,0.5048844574441682
38.21648047788768,0.3656107014468707,31.637726873400624,223.1630687835248,0.6376830823398731
25.89356456540071,0.3942736793071659,33.30668656991376,314.41811152874874,0.4933574362167629
32.96848764771624,0.4192901474002792,36.29356321717945,304.17421821912103,0.5746112012243784
30.35270484887096,0.4123255643718976,30.83980607504376,260.25184017795885,0.4883812830537283
35.896253821143354,0.391883866646349,20.14452470234224,387.247573205916,0.4958705704043249
29.186777100741867,0.403759996209914,33.86797284785425,373.3146528959871,0.4405034474490066
27.34629711261871,0.41209869911947467,36.84768598910346,500.4435048655344,0.4240951988057982
27.93237422853714,0.39918840564894587,34.19983091373164,488.6761350678388,0.48280705169504934
31.33326041146879,0.37955677650325775,31.19739728423924,338.2542605795583,0.4615731695313791
28.697303571873462,0.43083222502031676,31.004744588731562,214.72841632331682,0.6770810135837488
32.14764271373721,0.39141524927521065,33.01170585215695,456.7403637735138,0.4771210915644351
32.87875826282889,0.38759027255078554,23.39035683253531,230.71772244287234,0.5666810298107099
27.780189599807716,0.3590354178564845,34.46172933073742,188.93661176966572,0.7337902640142032
31.089297696884305,0.40040295514118357,29.93325506095298,319.10325425857843,0.5436982385405664
36.147826313512645,0.34972921787243155,24.12589004629892,486.46724802939247,0.37912707520229505
25.676475981032013,0.4148171548088728,36.8606339722219,185.56864624407078,0.6763065047468063
31.48279621837769,0.43117104020334734,29.064950183972062,242.1981753082072,0.4975108374871878
30.91703030966835,0.36064682094937695,29.645986902011007,356.32940113945267,0.5275303193404404
33.02992799494222,0.3732736633908643,30.010607653249217,369.5134730023749,0.5817984794426375
29.207447343962347,0.4002428893319518,33.74419468168976,240.9395978426061,0.5446413679834801
30.606540788214904,0.39454009202601775,39.32313765745695,171.78712455099776,0.6812070252063145
37.733245501565,0.3567515226908149,34.19901842703058,466.66286654784653,0.4206293743595972
32.4606080807589,0.37769494418526495,27.154113609393313,424.02966672202393,0.3993856045048144
39.02334739974883,0.3650511662749717,27.356471963649806,296.67046525090103,0.6041780189531227
34.16020696412422,0.3656810006387701,28.383866271209694,296.14629231917803,0.6195555810354879
31.62639789155409,0.4151629774894214,29.969981329461355,358.32553452484905,0.5284797744890057
31.258121311462038,0.40077557842565875,32.12533163024541,393.37636481711604,0.4993294454230792
30.571674919575415,0.39682183501758106,37.86536092669411,271.92378727577307,0.5221857670841571
26.759686022646978,0.41663348129583566,38.72196269828454,274.3433064374121,0.6149075273808611
34.655369592459365,0.39733011812151997,25.95671281055102,218.1847267796325,0.6149918820277562
29.449702310863465,0.4010921877070595,28.569090359238263,321.9748215888497,0.5071899550265285
33.05568508105889,0.3908170998191018,36.35254041766722,295.84215551346097,0.4572719893640532
33.91273975688138,0.37347316784773765,34.45836082375534,382.61906561858336,0.5299785993529411
28.706820655710956,0.424931266174069,33.743998588707555,179.0162139941843,0.6323882368009799
25.84504611907046,0.4220296369364542,32.70495557844563,151.44784467488256,0.6538117692968074
26.65778791009849,0.41238329052823364,33.437268852752496,289.85966878351917,0.5875044969518814
36.207049607901844,0.3818679486172543,31.30551335728281,215.70509228464724,0.6259534710549215
33.54528883898224,0.37883971330209676,29.250724358236532,187.4935360365242,0.655816387028391
37.53341052072503,0.4079596276066342,31.69839871132614,213.8142574059198,0.6021585827186097
39.64456777951162,0.3872602244565827,31.081359568202668,243.81966942028643,0.5681577490489435
30.82479236055648,0.3729276360351679,31.762420953479914,398.24904028665054,0.48310528290854543
35.95159985657773,0.34605265306873606,26.716887910659317,351.0993829343055,0.5268456001173891
33.75370360751643,0.4139233877037442,31.16326013325422,353.763934987868,0.548651649973991
35.84944613209765,0.3742709697635352,31.606184242101374,224.02854777004117,0.5314079652310664
35.79912975382674,0.38190949449694106,23.83630022599834,212.48041484385956,0.524670448042554
40.550976454484434,0.3772332803264132,36.08930765283943,244.0199396467701,0.7055342362936864
26.26622341152069,0.4079375822385897,25.95038699160078,308.3031906773653,0.46772093760984335
25.4198885228809,0.41686832184199524,15.289825532427757,339.32376451446703,0.5694824302064124
26.49648263344176,0.42337568386244556,21.416364517468676,304.6321464928241,0.5702462254113214
27.72092245450692,0.4056483002262161,26.793204084989657,323.1235795995967,0.5173226414470361
29.355611694757105,0.40860121034348407,31.774009626338618,298.12817315648095,0.49959613499166183
36.87533617283517,0.3566381833887496,34.08154357488414,267.3583832699126,0.6012835372239017
32.43996219372654,0.3891731481492893,32.13273471009301,261.4349219159216,0.5603300492988791
27.86019966598412,0.374702465115069,31.657731692176935,296.1828654030987,0.5964939775857484
33.08071834060753,0.3820406309146618,32.69713071528738,269.2237289666689,0.5692763225444589
30.36583449053053,0.3627855227786938,28.48319422357375,284.94869292778196,0.5924983210478292
34.50155894998794,0.35903805149013274,30.86776927195879,353.5068703083446,0.5638545733070707
25.319284644299064,0.38861263233441706,30.96696094840484,317.5818139509538,0.5917679797539642
34.754696094691994,0.4117102254169044,39.83356088943846,255.9497792823128,0.5211090093799859
34.87781336303622,0.40216728384454353,32.8809535661414,311.34124389541284,0.6005840478855916
41.5537230165697,0.3739004070554395,25.816201342946414,241.6362131182271,0.5240574746439278
34.29343618653083,0.37390165704450334,37.98551598296854,232.56240729977472,0.5622518918694001
46.83677603962372,0.3395146929350915,24.109690147910367,238.06389222572733,0.6229883377072343
33.68413301458997,0.3778611824105674,34.36783310346654,446.08278873350207,0.44727217487516147
28.460340797016375,0.38735384388504074,37.51737072562622,264.5799072894107,0.6293120537888477
32.22522298770955,0.389833186734215,39.40289457252052,361.933058444186,0.613941486682456
38.57255967009107,0.3664171312290412,24.498488097662527,164.0762908827418,0.6783988095766311
27.272324800334932,0.40261377463601233,34.3625477433656,407.7105955579928,0.433119713207553
40.468299601163196,0.3515297302566403,21.878629812320902,314.86228191416245,0.5115688437451323
33.36758873985059,0.37575288134208157,38.078320875637196,230.01811354696298,0.5932833231130592
35.978130388590785,0.3722999115573505,35.26643119246729,230.2138656208158,0.5969582776184018
38.585525067346396,0.3842755526755099,35.08486746501512,281.22077327705813,0.5582124726286102
30.885747158870487,0.40258332334753016,32.675540014985394,247.7171031492742,0.6255512175612531
34.762943316080616,0.3868141639138379,29.034253370792808,272.46948619406135,0.53227307307925
33.13332112167848,0.3536642530679655,33.03866962434276,272.31080331862734,0.5456504073812122
32.80658800262069,0.3570145874418815,34.33088179782374,308.415400640071,0.5956074098271539
31.308108900268994,0.41255069305966124,34.910282608433576,226.43600583574465,0.6095708438932975
32.82044285855435,0.3743179346414134,28.676387661371525,194.72427762040837,0.6741319974375228
32.22346569877037,0.39715864947265345,39.72958630758808,199.3487904127136,0.6143851422096694
26.958441714487602,0.4221338202240771,28.93304290681751,289.09478242583987,0.522747389965015
28.7449996633174,0.40283434015134234,31.046949045264167,425.98832458918133,0.46072001069993535
23.490379450489925,0.37825523137028166,30.00580474999933,413.605118103657,0.4682166157308934
25.20184116420095,0.3825933676722941,25.851581634465273,516.6874912244041,0.5273070477089288
37.53217811654802,0.3786392835161633,27.410442017305105,456.68003126703996,0.33084838368612385
35.299307910729304,0.3624799124079773,27.83483683747349,520.2990148423215,0.4128067339221609
31.285098215028754,0.404891985406273,20.31772194833993,446.2817880018261,0.34607288306465184
33.88723124929114,0.35965804677605406,39.040710318190804,257.5060618156689,0.6206262305420371
27.78662703748061,0.42613120752201905,40.27156113213021,261.36276488884863,0.5206199147209604
27.44539806545501,0.42707542973438345,38.533825360156975,264.75562104624845,0.5758904980418778
41.413635526583704,0.3507097679900212,25.796567066277795,247.68784278662,0.6503668399509616
36.7216612950489,0.39538323929669633,38.336515286698656,228.58637931538868,0.6037342036015104
35.14678261186043,0.37088295631011425,28.053990963758253,188.1171605983327,0.6339699748158368
30.270163682337337,0.4157168915453983,33.60941988142324,265.5187170126972,0.6253250280714746
32.59761230523671,0.41007681722798206,30.2606597131885,240.20207543520738,0.6149243345433556
35.99669043088585,0.36921807382536687,34.77275745566998,245.34264367297234,0.6629260784749889
26.254479522104287,0.43616359251711395,41.585847995649864,258.70961401246757,0.5488901963259001
28.915452000939457,0.39287914580409505,40.76177253891864,192.27640159799262,0.650116308467029
34.13748372352931,0.3829747019322643,35.50451304594955,289.61119178858934,0.5645128492492308
30.25292879525959,0.4073278752949205,30.06862808430106,223.85760110474908,0.6309578970527279
33.28362567612715,0.36750877667158605,36.77139115374674,361.5074848939126,0.5357053891229907
32.49818759718635,0.4038147254299369,29.469939942914447,238.59591855962802,0.5269063154356416
32.85728133854748,0.38454171193889286,31.565884568053438,307.8328342132805,0.5589285621500616
29.8577056015895,0.41369492962791304,34.180937842349365,222.94287226111797,0.5574480423765547
28.59024665103164,0.39164757127446115,36.07462603608688,232.03581019404402,0.6125348087736809
40.11916884031661,0.3728810029287596,28.54010006342844,197.6865452938891,0.6417720715042481
28.89666057378186,0.4306082616830175,36.159498809955174,358.37798350958303,0.5188656444965403
28.49960611858728,0.4104789771191563,25.164809226827813,381.3717011680475,0.42146911574133444
33.132841940590794,0.37245619735378466,34.12075926538196,254.21403006306775,0.5584722434535694
28.812144098868274,0.41314309834284496,34.71319469597094,182.92788596930023,0.6247745346328795
27.610027153680914,0.41297241901439863,33.37296358520175,200.82707696685972,0.6401050393463682
37.68881784640684,0.3691631208201174,32.13066311175011,224.65976770744027,0.5996560208962808
31.615682467554237,0.40930512482693704,33.3164051663991,295.6217242802226,0.5501362049207706
39.0795267107523,0.3483265629052387,35.264853798983566,279.8766079020361,0.53594609461413
25.70443798553932,0.4470934452702091,30.774209685723985,324.5199159813758,0.4175299375352291
25.983659223383935,0.4487983131459549,32.18960110158639,375.73723442677164,0.4147921427554049
28.021183193498572,0.42503733462026216,33.350206434842704,266.3045013498227,0.5183028199743402
28.877536409104863,0.4056894954841438,36.65701901817656,344.50997653492834,0.5252130071625888
31.464535725379392,0.4151801803081336,16.51073563261419,365.68274023626066,0.35992013556380476
21.00737469641676,0.43106276132577165,38.24923785328568,435.93357511938143,0.493785568327121
24.418016157540347,0.4079431415818267,36.019060717250255,365.3215974942735,0.47431139299164227
28.72305694608714,0.42291696798336853,32.64351862941843,448.26705972114996,0.37513682938043097
32.565542967810366,0.38549088889636046,35.217136444268306,191.38028807560613,0.6907459850252735
35.55567661829062,0.37140479421667605,40.22689332410098,344.9465001458929,0.48954611384310653
31.414947703044547,0.4021871728295257,41.33738498739434,157.55087468107862,0.6998268254333374
31.328920657069194,0.4011562238697364,15.95976641796738,609.7004811286188,0.29683951666146613
34.278955394814716,0.38918545802109156,18.61006054510791,614.8861379774115,0.29083838517058636
33.28120058498072,0.38975439103618514,25.097630311017305,527.9177855925392,0.29705347529827236
30.723422885894614,0.37030655588718203,29.046768219412975,478.0370449878551,0.46434712156584396
35.65122325171694,0.3794871095069249,29.346752155838853,397.430872573722,0.5374394480962147
34.65199333154551,0.36401868091277584,21.373725873178767,326.333174090591,0.5184914402868972
38.08669811520734,0.37813529793470035,23.96117124490671,295.07602966039155,0.49852356875902015
21.610755151438752,0.4157948857349438,35.67578976055934,254.15422796282175,0.4891343205440425
31.07860669607089,0.41680592794342025,43.600322790672166,324.31944331163686,0.5098839964415722
53.218656021432544,0.3254329501264113,43.920204205672974,319.69034884389754,0.599446053046564
40.528226969827585,0.3384880096692598,43.974932898793746,254.71339104001444,0.6085266267955819
39.219008611033985,0.33821494924807727,42.93213298244089,291.01611866702416,0.5879558289469294
31.90681339371161,0.39158536618101825,21.77004508475933,254.00869838861067,0.5958407861120469
32.24636196438126,0.36485159394830424,35.038059661768266,307.83974187931653,0.6017421083292965
30.73750283732145,0.4133487214335826,23.376533039390836,218.59591205753378,0.5184542422073526
29.006001556361834,0.41653143255906006,31.498194787680095,208.2532890999298,0.5210890322546535
31.59290005561426,0.44481287688920057,32.55964119283723,323.33882978380933,0.5478885088783052
25.707299111183815,0.3467060587470614,35.09529717117719,366.6942031330135,0.4692084263822102
33.020248202328595,0.36236043498086656,28.701539134517017,357.6082064390174,0.5856597882536412
29.71661197046536,0.4222690064386813,32.61871357579243,303.1455120185355,0.45800265539365154
26.068060825230663,0.40978095679160403,27.230778608852063,420.9315354586911,0.472672871136697
31.59860402417413,0.4122659679482487,35.02710115269678,331.83662646900007,0.5111675392039362
36.31225594747373,0.35383353123044936,34.58008710686206,263.5892248137068,0.6390691585417381
35.54183115387001,0.3775408830741735,31.664575652001147,298.3150428638123,0.6037812903699882
32.72162196537766,0.40785406017673287,23.468321360123348,232.0510713440418,0.5339939545527744
30.23884359204551,0.3627085778129967,34.22920143078235,392.2899776452815,0.5505766805809618
24.654243124378432,0.3901072976852261,26.86194698808289,426.2083519264079,0.5139620424279175
35.51226171388063,0.39807588469704447,36.735265742975066,195.13803824475116,0.6423025479260521
34.28242966242536,0.39805093244813977,35.512895547739454,201.6932101504408,0.5962129235670203
26.381670853210363,0.40779318067638726,22.506189828108162,364.5237979213678,0.5195922084014164
27.83608333853889,0.4041706892924996,24.671731934105345,332.71645717993937,0.5263784572063064
27.950451438074335,0.40858889387765374,30.5405457194318,247.3981296066144,0.590811492222061
28.668130853223765,0.42166959481150595,27.96366977018821,210.37388339006154,0.6047475360368608
28.557875133947498,0.36872343239678845,40.50192505364042,316.3859664979722,0.5995082317577978
35.20049682218297,0.3902634952855308,26.168295625567396,260.5712010475238,0.5395829667975649
27.293440049177928,0.3841083789946115,30.2679554729542,420.2802553648937,0.42511935262724204
40.912516777687024,0.3734974667616265,31.263842112163218,219.8266661200389,0.589980263271275
33.91779762049437,0.35030648646999846,33.15346437717299,439.523260491149,0.5429352174567116
43.87818776104909,0.3781728070984589,36.065534297609446,284.36441617641384,0.592671741490527
28.125174930716515,0.3875259428199161,30.887982406588225,281.8189331399063,0.6438945497756164
45.51009450557917,0.36720057460087036,27.94516239869061,374.5963279416913,0.5140971910961462
31.767205366271643,0.36592575920357245,30.15209748603601,258.8414928268451,0.6338041786089692
43.62339807212927,0.370317659687691,32.01304781070199,353.6330095283923,0.4709738964203365
34.07154512260748,0.35506072804914734,27.401727437258245,282.774694012548,0.6081182590302817
38.52933218336917,0.3780925451601704,26.102790567998365,320.0332314607422,0.5415686444602742
36.802715707040264,0.38640782159974746,23.689029558212034,290.815318907199,0.5105375175236818
32.57464596206146,0.413157509777025,38.27711425582774,236.20262265202686,0.5889437455804488
30.365285860358934,0.39684898100936394,23.954372708894947,383.8198217877098,0.4608045929087681
53.63170866370408,0.33312611000854914,36.53925071249296,201.13042743431308,0.6477466781228551
24.07335242447148,0.4002006075920449,29.1608817405624,331.6378184112865,0.6255498989315069
26.71150984927629,0.39460985166213247,36.29072664175452,248.41277615246074,0.5640936747626243
32.54961817763382,0.3984860132856663,31.147681689784143,167.8795855629216,0.5958650603669357
36.13383901255365,0.41392760653985355,32.30192239258639,185.6907307600826,0.6468023857010134
39.556930749995786,0.3505023562124095,32.78693412039524,313.218608383928,0.6111531150774573
44.03428912341318,0.34198986320665986,29.443089732383406,227.66528555629588,0.5686182798985993
26.893578931266106,0.43850807939587105,32.104867439186926,346.38476883363757,0.5254696606477065
25.933552383491524,0.4104183393811746,27.38799068066494,196.37365081872022,0.5317332329277281
25.339424212725415,0.4241882152745782,32.25995750040899,250.54400752948285,0.6175032264676581
23.127413236335542,0.43786583521641925,33.920714146957195,244.16566826012212,0.5253961507701123
29.796335459640172,0.4134495585247386,34.43014084557588,175.17641447027734,0.6590743346510914
35.850247550598425,0.3935155221900815,33.325722410009945,348.32460217687424,0.444672049687298
36.23902439953301,0.40794318015914377,35.353015833807945,323.9122159434026,0.49130525121339624
20.286349155103157,0.45388093630158344,29.749356785308052,226.02777248458048,0.6439586950149188
25.00864665175812,0.43861158288938434,27.95064501211325,242.85168819092175,0.5829054232543803
24.82161576215297,0.4535594278904398,31.372476812817517,260.1756129850753,0.5629120074510328
22.917628295851213,0.4673302053021289,20.908534262428464,246.4797391539929,0.47473749791215103
37.84338467631166,0.3339422671381031,43.13687877629346,180.7185845424784,0.6655166002688676
36.455951146174314,0.3550178592045554,42.0077152581317,212.86151166285438,0.6143761130931102
36.634989732340884,0.35125496110637044,42.326369771573056,204.49581855580206,0.5775565343027284
41.45403324547496,0.36940905658229467,42.743529587644446,258.1473449690128,0.680474479273052
43.66282503819293,0.37284693559572496,41.94698942950397,209.90739846998292,0.6426453410742292
35.84162862285174,0.36630075301650944,23.38888974553586,369.448839590999,0.5228188051070624
41.28320048445469,0.35646792410281286,34.72658657708991,412.8727699717314,0.4662608830794575
40.58926879527183,0.34244607259563214,22.992440772080883,291.90655749432193,0.5649465187191927
41.608098836915794,0.3486324586030061,30.59219868283672,252.83453316758906,0.554667236310142
30.089619313816065,0.38840444812098085,29.993017692495958,235.53487291392062,0.6912101456696481
28.690269922902715,0.36344289081242787,28.887950822301367,210.7302672871608,0.6232638784136121
26.57986108890841,0.37298719760991417,28.511227463799273,227.46937042922156,0.6395737009817127
29.350193790660118,0.38795127504282,32.34361817502004,269.71225253109526,0.5869941340600093
34.84019551583673,0.391906083474791,35.25637347400884,168.9715987656385,0.6308556279508458
39.477276829082655,0.3509341549491279,27.76107970556526,295.68116255087483,0.628492761919208
36.8480903820779,0.36376108600191903,29.226988147853493,350.5643329031994,0.6364924871003345
34.06813139401528,0.3575736554521383,28.215947706163107,362.62288692279134,0.5753845374044516
28.498012139712266,0.3935601656261049,33.93302701068388,240.06585715378236,0.6263670199241969
31.035978022077835,0.40879334611053736,38.34283196275809,208.066156323948,0.6374101719967207
35.32546708053307,0.3874705515056782,28.091666780278178,286.8012072948168,0.5634285754765258
37.44211327058385,0.372114650693798,25.089929434618835,292.3894106624554,0.5602783864927059
28.95512847217122,0.3876130921619161,36.66475045343453,313.06978949485904,0.5826502865800918
33.78023716033242,0.38418557255809344,18.632957649867663,267.56569097030837,0.5628194788488354
38.47961209641077,0.39538219489643983,19.345037058996816,263.1039437546691,0.5691437098856126
30.943294324592507,0.37347782521601436,34.73852171927771,402.03118401503264,0.45065624965579254
33.25259073966109,0.3704830053297032,28.405785503652616,407.0544028249191,0.5412902965528887
47.80453377746286,0.3403134269930293,32.828771194462554,246.56173075715216,0.5760382250333973
37.46807029639376,0.35681217975796525,31.080187429581475,403.9515855731914,0.5065600944314546
26.927583023415004,0.4023612906411428,40.0863282039422,216.0735561749002,0.61887846825717
33.91047912369362,0.38755233223225344,26.5382887561977,232.6712892963035,0.5558623875188722
35.70177056530865,0.36581015704359754,38.0397395079893,220.30414898203873,0.6161497866955804
28.080199607093988,0.4288770091429935,25.717927499616184,341.87104904187464,0.514887156144973
28.796235191941005,0.4494976005308111,25.419930708895652,329.5991593987416,0.5052882942213088
39.97793099497786,0.35244118252036244,38.607345269463124,192.67969035064152,0.6246273894729086
42.018401781008556,0.35765916564063593,39.279837400928464,210.83560077180374,0.6754866842678781
30.619311042893187,0.4062676921773418,37.929155850374805,191.91365301554993,0.641301016776312
38.21093932402503,0.35888551365523197,31.04613116133759,408.9996824794198,0.4846065275219219
31.27010280776862,0.4047844737365898,28.903972090426993,235.95094546665618,0.5899021573993317
29.321179376939284,0.3919617760751591,36.298533492422266,209.637969704072,0.6345194731027743
33.34116977199527,0.3713168267126026,34.46829697924022,252.669817194107,0.6167504195160958
31.10250285578722,0.3627002943488832,28.25998764467013,327.7938768389289,0.5664856474817117
29.373441089199442,0.3637271350615947,30.181441301495322,408.46785738628205,0.595653299684377
35.443763371116304,0.3280701394301194,29.497969766729167,257.0920293264816,0.6076370012594946
39.90609947770099,0.40566240182470126,32.330404524530955,224.5340945040046,0.6136146111537643
38.499298579448805,0.4000378829924858,30.206476117814034,177.9545922087861,0.62495237628971
29.108459174919414,0.3802666359317345,34.202784295997105,324.191641178462,0.5212312284696836
30.30032253289745,0.40808581012523615,39.135659596685656,384.9452855716469,0.48232634572390215
38.59658339878276,0.3514936057521676,22.73613733279194,233.95224332683287,0.6209194945201997
42.5520893231016,0.3636780777163082,29.259330486332168,221.9106555467977,0.6234501466923008
42.956755614881644,0.35537007336339416,35.30148323188003,246.82896240286027,0.5722476631057306
40.60284948756741,0.34335456570532175,23.868798302233444,304.1632835268595,0.5977839600571455
34.571596026532674,0.344716512718746,30.18036296397283,298.2988061057863,0.6127099057800525
37.454232724715695,0.3666199829775465,38.176255290560015,346.8678330290846,0.546553393382798
29.940651939607708,0.39950388159756656,31.521149078591677,216.04053859094452,0.6527332170051173
30.516635410984048,0.4066443205828595,36.49205317288464,214.98701860596117,0.558312977913276
27.277928169618686,0.4016748313176692,39.899972645206375,369.946285237507,0.49136367948519505
31.68990663140144,0.39633758685328563,38.17076884397857,325.6481132620844,0.4691823871512693
28.38402331616983,0.4042810779145859,23.967823711311663,330.77749435020564,0.44273771382111404
28.38059287861602,0.40532196197317605,22.045612818430865,372.9523685171102,0.545646414254954
29.81448057892838,0.38728668318908793,26.44233440386509,218.49320745490198,0.6042183944277817
26.425717841411053,0.38681134814463813,30.529840237126436,260.57619235243004,0.5495206049170407
38.900062177451744,0.3354193554606676,35.41211308933958,372.3424174145221,0.571216954801744
33.473553493907566,0.3391320810852634,32.664697049702475,310.9353982505941,0.561391043799179
30.433987523557914,0.42383013493272065,34.12119397110687,160.68415598210106,0.6129388928769305
31.40844990114312,0.3502137154571172,29.580696224571884,246.05186923698707,0.5530808365176362
31.498394472372592,0.40023387690019185,27.995862984703475,402.95243467000995,0.3822207013208643
32.974653746722055,0.3586035831264939,29.681850395794434,611.6767202097046,0.3225912096937249
39.442447361968156,0.35742202809308377,21.73319519872792,566.8314206273518,0.37458162308050386
30.138471702046814,0.38944858209114364,31.965536930050494,262.1445496990768,0.531118460177522
28.96847188330808,0.3752863857648405,41.874460203404276,181.3776580241009,0.6470964143551771
25.29908768977179,0.43126127332417097,31.49455802358303,242.88187221722694,0.540878544399601
34.13297874307314,0.3472437813421753,27.348672532993973,415.4198488998622,0.4307671844051025
38.04875720401347,0.39593378433426796,30.765472082352016,173.2608818281282,0.5943850426231632
33.2494997719557,0.355709012377566,34.09614106410361,238.71012596540618,0.5838052880931217
35.994311581962116,0.3886289552164521,32.09676907710489,365.3285641769628,0.5087892553718719
29.693082937365716,0.4119171619056998,37.77748944922953,198.15994247153535,0.6272376621980731
28.092154161364938,0.36237701756767393,30.812304847859316,339.7769771938148,0.5637422410049172
29.582066080488342,0.3744244619540536,34.1022746632998,291.7967083269603,0.6598314188244749
27.73035844167131,0.3831938478905019,35.40826730877658,209.46225582415985,0.5747376220993785
27.62049183661194,0.3933362495263351,30.634298078834338,195.4161662832037,0.5803520782926037
40.33351480408896,0.35226842159053495,27.216180117074803,272.6930748180557,0.6699494007969525
26.32473734647255,0.39868108578262773,29.075578723669278,266.4621374282412,0.5259027113595901
34.54014469818612,0.4011020746232554,35.547322219091846,323.09818399900234,0.5158482710468902
36.15165177084363,0.340097010019398,24.26951071215536,254.36758286350175,0.5934282102561995
43.40479430813979,0.38870443853453107,32.605396931316754,189.56634189995947,0.6528523887957806
42.34994123251077,0.385992069112069,33.91087241543959,169.83907247859668,0.6217619216533272
40.77396849038424,0.3797753001892107,31.04706047560505,215.36728299667047,0.7028995059909202
25.58316713878934,0.4140767981075589,32.95130313622805,296.25623733351864,0.4734214119015254
28.315987620262142,0.42787736952359146,35.84024212016028,342.29586294434915,0.4652284143816415
28.016090060705018,0.39273363478917206,24.94895738387433,269.37786501477296,0.5491614027818793
45.70431473912086,0.36110563815555297,35.59087204215395,281.82152618956826,0.5011018145700655
42.261293528840724,0.3495620130031672,33.31919791478407,262.19664025060433,0.5421672699229599
29.598514432245203,0.41021931494321495,18.55684750264191,404.50871263107854,0.5012180699529336
33.56340122302475,0.38530354445389203,39.591457584231634,301.5434411269731,0.5803538877807376
33.375768944075936,0.37554619192148714,41.336016162620254,255.61557555992485,0.6044659917409942
32.04219196400886,0.38197273860282144,39.27492773745118,260.2593385803085,0.6074993230929986
36.09691825760021,0.36807766337592096,38.068891556097206,203.4302084050097,0.5761662495727363
39.37645255764365,0.40815460757391225,36.55645544313517,231.00040887439806,0.5570217149075916
35.007861308764234,0.3962435297338634,36.515655473662,248.79393490614524,0.5666550013971887
39.447815582566555,0.3465703365488451,29.20851935043871,191.07483891166947,0.6978958467849724
26.96530982600278,0.3947348092167207,40.77094811615942,453.09530621944117,0.4734899888235969
25.62909992727406,0.38124786035111774,41.740360839565845,437.61760364451084,0.4560068524210422
30.36432694385682,0.3908673682554034,38.91715684641191,269.9299400893629,0.6408193355880301
37.069378466944116,0.3938152680413442,34.93976739770468,179.5720463325603,0.5885743089843152
27.613953602299354,0.3775205612921728,33.52186741497608,205.85980858794022,0.6506594267679541
31.811757976389863,0.4077200307885478,30.16549293023587,388.8578233136518,0.3359726806881642
33.26259693633669,0.32796746832540996,22.239212612871356,398.7785649663852,0.5055058605863121
34.50584117818339,0.33685521625754217,31.616024883359977,384.5491003219642,0.49254443409048504
32.34399772904566,0.3691610529839534,39.22482104032346,380.22370793439535,0.5349796541467815
39.94172875183353,0.3422658044583216,25.5250213118678,281.66257604070336,0.5745545993718943
50.032413513771445,0.3360440318759049,24.893973088185156,333.5231887303559,0.5559791907355766
33.43573153544942,0.3861069099264436,36.602577383412296,361.1106579963349,0.5145038701890687
34.55141732430887,0.397566132879404,26.40964537017781,260.5095643666561,0.52740150896836
33.3422733799285,0.37062310899225354,32.376141626356045,249.27965348814453,0.6166842656441743
28.91267766038826,0.4298396947057634,32.12567546926424,228.5813085088066,0.5619486318768468
35.55074871683202,0.36138729625889143,35.77615873227025,264.21691489176567,0.6323314821576898
36.37464773140077,0.36900726695963254,32.999622329716765,226.2958909230515,0.5969227119765216
30.543300294757003,0.3642482781188319,37.39191190193637,233.36291938687563,0.6043009326651722
38.0793509897479,0.35916165344660894,19.207792251512785,231.72923424053428,0.606576203206767
38.522597343841866,0.35048886279216707,25.803122949850813,240.99576722854854,0.6365868582746271
35.711259290640676,0.3962526344734788,34.6087560309618,342.51752556532807,0.5591809656916927
38.506565427908015,0.36160713523623383,41.367505096677796,249.54553515991316,0.596290954808566
31.56807025975612,0.38219710248516514,27.896529035253693,263.2436050800414,0.6448778302741193
24.68667886766993,0.39200701943724875,34.62245583263996,251.2566704623395,0.6238917906513987
30.841428591850317,0.4383975017493221,30.869152538178664,206.1300897694548,0.5435929330455556
22.275482339060186,0.4085735837089461,31.785972820610635,307.2099945552539,0.5782813683172312
36.30895263342827,0.40818181555516814,36.907457236655205,228.1407422587687,0.5633481151556997
33.985020064508774,0.3430309740591104,19.154264765183445,474.69134042478925,0.5342532940505134
35.66924230707777,0.35335610222635067,30.550527314138574,290.6815373168888,0.4904155833736072
47.446886375925104,0.3404404197253689,29.361723476484496,259.21855130847945,0.5083677682534474
47.63871835884666,0.34231843337285034,29.39869628375129,276.66301748083913,0.5294972215757927
43.263087742065956,0.3613563022558802,32.59015818384697,332.6824985522295,0.5499739256557661
26.156035868854726,0.4005489098472639,28.875715196859286,188.19572048548326,0.6129147766353963
30.02436268665246,0.3999094689168889,36.20562642550767,269.0920904616025,0.5226133446480865
33.4385408625275,0.39149493150532166,26.54080869647769,229.67415026493944,0.6342783828344325
31.564310208009353,0.41080357799992007,41.22703594730353,291.0323450422319,0.5700373923975817
36.2508206032102,0.37378986091212657,41.301667628881,268.2753987807888,0.5424186789517943
29.84940823844346,0.41521470120651566,39.51873001347026,176.65030195801017,0.6561246980917512
38.88267442321495,0.36474210195954965,22.171349938328422,344.1177703146635,0.4956627276713003
28.197241570918322,0.38599030952495356,35.84440187583317,347.3561917465215,0.5512449907491619
28.86276044245805,0.37603095697203776,32.7978412768446,250.9637731670704,0.5072368259193913
27.219991694636125,0.3764687425513051,24.953502198405637,439.09001458217193,0.553059657730841
33.85571002552758,0.3950221212620411,34.49599474905643,295.7492220868532,0.44963562410054514
30.867692011915594,0.35329095701392027,26.672728604073857,458.7006652016506,0.5753103910108359
41.250272724453765,0.3793739200120589,32.15214854216049,228.18155782564017,0.5452482697005059
26.366350414851386,0.41596601701763225,41.80229660713523,241.7177699237847,0.5564812336179459
27.00447550312512,0.42348433833366966,29.23936731487729,289.69945353918365,0.6031891992883284
38.99005873176446,0.35135851863458056,29.61732545352841,337.099080031681,0.4609407026286165
28.85145357561868,0.42207807040816453,34.88692392539748,234.26609793664085,0.6368149444268778
31.2626782155328,0.333357670298256,43.21582341283931,207.76909294574565,0.6477825369151191
34.3514047056306,0.3660468150782473,44.46800377406907,201.60112112263104,0.7120662970758106
37.443458749727476,0.3761430874455693,44.733843349483,225.87578496803155,0.535143832610484
37.97859968611671,0.37183358157860863,44.74576988632648,217.6188400103936,0.5257349252387491
39.79508136143328,0.37959524052457655,44.73746251426824,252.35740078640814,0.5628208028709681
33.48388766578005,0.35753804686848195,44.60915783528277,465.77048992456105,0.48568153936893854
31.527819986305126,0.4077031940900906,43.9757278650141,376.0996163889683,0.46667641963266954
23.072737889003534,0.4282442012756379,42.33626603723616,270.73084945170933,0.494492362043438
26.557520854783473,0.42469730347328766,39.717021623726815,217.51479527802255,0.5749924747760563
33.39963832548878,0.38023384534244126,40.21730400548739,297.4096267083921,0.5620130698143606
39.51604403667744,0.3718215121134888,41.279363290711935,299.088563601994,0.5478539426095677
25.883105701821634,0.39039287973809705,38.47025657047356,271.96941654910967,0.6219067977535692
27.292187050862786,0.43252679734419036,28.562071876727682,219.86655389734548,0.5789421452627438
33.92432896840558,0.406629847301301,27.047078660033463,271.22210593624226,0.5488443900781697
22.98086167279181,0.4005084632158016,30.839142947981035,585.1717625932748,0.3470939407880938
22.719622118456535,0.40633097032177745,33.775441149730504,463.3325474791379,0.370562194488739
29.35472099673527,0.41731134775444706,25.166603734132238,276.60511833242,0.43185933508684504
32.576860965123096,0.3618355117923759,31.40470106959248,403.18718786265197,0.524225682001125
31.84725327843358,0.3882704203658842,29.743741020769527,256.68026198171526,0.5346801996979014
31.99284993919913,0.3983953961609439,32.67210599628004,332.9573547043938,0.5186434560302305
30.67939751189699,0.375267336683112,29.49559198756565,316.07075799882085,0.5808024242665355
35.90119550101917,0.3918053429087315,33.3291429774742,220.4414770776181,0.6184783126460525
35.57355838890328,0.36447813639189264,34.02505701017622,239.96546462845996,0.6458637558990727
34.77891668989081,0.3505410411229608,35.775158548348784,147.67873048077783,0.6624273896814523
42.561196489267196,0.38887171566142853,38.04330206369898,230.43518657002014,0.6453160085197116
32.07035039451144,0.3573749906755018,29.012838957183618,230.96799575064398,0.648965378549253
32.70189689177085,0.41217880866171436,35.99224820814268,230.30093197569772,0.5420071863668049
30.529347512770478,0.3701808238279705,26.42001249336325,242.91778557922888,0.6158161926816964
39.29341521529374,0.3615123920080053,28.439858866234633,241.3365793280825,0.6505733101612355
27.02751719826332,0.4039950844725819,42.37152784856132,204.09958285863496,0.5375531129504658
32.852844795127595,0.38258262518091485,35.12975587114319,218.17314534059676,0.6251756664852073
33.85581302664658,0.3854485953839765,35.250460927436336,268.6279788802493,0.6574727398063488
35.136992670342885,0.3913302699215935,31.229622257813215,186.02934190476324,0.6522704658440076
32.89786538024938,0.3842329249338513,32.02198245846461,327.9694254638405,0.5582877931683032
32.555647942170246,0.4048045908715298,39.04902447629705,229.0177262741526,0.640548214068048
39.98910488252482,0.3615882995318255,28.400509420459482,383.82700283133187,0.5264832570184971
29.17755536617905,0.41721208637869084,34.251729065515754,183.49647379976363,0.6447738003008452
37.59607944572164,0.39565429876443664,26.83087189175379,208.7832984174361,0.6340571845942259
32.39729221058327,0.40098115189851086,31.23561958302404,343.20571712251683,0.45239685743867547
31.79590247458714,0.38778007349243093,33.05361739614114,420.9854619760474,0.5176324439479946
31.16790551547247,0.38566589133343737,26.048627880384746,297.0970405860764,0.526929427866044
29.57856238726612,0.4139861385604936,33.5972945143699,310.712440074683,0.503530079686162
32.06912525640225,0.4102633472408235,37.524792113586024,312.2718745342012,0.43326477989017603
33.97100033887065,0.36606619673140994,39.67072217614989,325.13784717161997,0.5153185608334596
35.5556481514734,0.3609269694871374,37.668854480102745,341.9658331738608,0.5307047817357179
36.304186767500035,0.3870019597745444,23.5639903029921,211.70381875245278,0.6336458087840819
28.464134028172502,0.3876551468034307,41.72795495901198,314.94136559210835,0.5496092097737643
27.342082380656997,0.3751427562071175,41.936343160108095,264.6834851481307,0.6373184762677285
31.19196031132201,0.37841034004007007,39.93131300153129,248.54332746043124,0.636768344807289
28.739354788014687,0.41885317860384136,31.306135284909413,207.36005687905862,0.592224521969517
33.67578186071182,0.3836579929246149,31.126565859305053,347.64545241825715,0.5746179332664981
23.57447046010896,0.4617503739092901,28.40543943043562,209.08752050509042,0.5323830821225906
22.312341756974405,0.46309666980844094,35.08621021017999,268.59112275094964,0.5923115957422846
34.89433269461119,0.3983470405702527,32.00117212378187,199.24405809332328,0.6634812602656195
35.29244153614633,0.38738412646563375,34.69595074046316,157.26235076349928,0.6314241579799456
32.58584227063119,0.3596261576028474,38.891976613227285,240.7947203414456,0.7289105721585168
35.46766095226968,0.3582349799807293,36.23556507116302,237.80985773711782,0.5835509124661784
29.066459320686803,0.4198887654064944,28.917226934307465,199.48454789430016,0.5747376869943771
33.84323682981186,0.371208290835146,38.52413231466217,246.09765519970048,0.6275746263218805
32.605108224167026,0.3866420558330208,36.645213529628585,194.08252632205588,0.6415992966409282
33.228054626313344,0.3688005230868674,27.923547719149774,404.93937182832326,0.5003587627584046
37.97102527447768,0.37285018602664094,30.076555024574212,300.22832786277354,0.5127841865349546
39.21750618645155,0.3880141235305881,29.921190522745903,252.66690541992958,0.5219333903426541
29.116084154556326,0.3757759247203143,27.199159381192953,374.4662267447933,0.526970406861112
30.698993771049327,0.44354165035537374,37.32206770690257,161.64628507223082,0.6573168110006034
26.281486773183868,0.39476731880598476,35.51701211705179,183.91143369639576,0.6729097121799412
38.40133381476642,0.36666532457531814,27.33063697481833,435.2815885010417,0.4500981300755513
33.50534404100469,0.3703490231087163,29.170300083773807,379.03841340505227,0.5110017766009961
34.74450591295965,0.3749622257901574,26.79811790965145,290.5345769197946,0.5310525019987373
32.82318054338794,0.3974940924251505,32.17952903542531,347.78870752139375,0.545363360030408
36.04531153396838,0.3721634619596522,35.95232952175491,280.005181515386,0.5241769761615245
30.7258368011429,0.3690156723618617,22.91856047173425,265.2972491896399,0.5216181434450858
30.308072442634042,0.4018536857127579,27.963584224036367,253.78416365632467,0.680671203888064
30.92577598200128,0.43124291133848497,41.599278953367936,297.03433903806655,0.5425096863066075
42.09333169223108,0.37232748978557906,23.14275941133137,224.79410020238214,0.6205367291522511
24.026931777176124,0.4521655179297993,22.418625407982788,270.63409706790327,0.5666155580836882
44.529763461107514,0.3499421943112718,40.15611074603177,318.8359801361761,0.5997953132676743
36.837425687268535,0.3451132135516403,28.360199629889244,305.7976398540789,0.5445798239016705
38.953081792785085,0.36691962883404383,28.320656580311812,306.6044209734261,0.46035625385252443
32.348326791420384,0.37036973787438343,35.87364471248047,435.81148673101126,0.48647448604460125
44.47720732117748,0.33658235437429446,16.495212727011832,504.69318688685354,0.3756438274975386
44.24465640638218,0.3670597517749234,15.587974952471017,491.09078566517934,0.35623491848189415
35.41489437066124,0.3500417185592757,23.810866721036362,421.25533330025104,0.4173487408061987
31.45585090772133,0.35669496015382285,31.760959546584438,476.9107206369129,0.5347224103815756
27.484258085396295,0.4666221696557934,31.92841057005711,132.8846559043764,0.6424837794605265
24.025773731066735,0.3860501553941505,36.78201837206859,218.48404983189465,0.6478707651080889
35.43896539633051,0.3868819558568998,26.135229433664936,244.23296673086682,0.5536552091806124
32.54688052457647,0.3767263180494505,23.193224636636607,269.8355914561525,0.5704712236162713
30.81846547393005,0.3659188186023147,39.207649518261285,359.3468164691642,0.4978152451690827
30.027400707340714,0.3803491278051602,40.50631355965289,440.5744286317136,0.3804303993456123
29.997283253859344,0.41400557027868296,31.95090423199281,472.2991583005818,0.42510499436204724
32.55652902547474,0.36787901161124875,36.87157047539438,188.30935824873146,0.7181000378555868
28.543121004777756,0.3728401219500856,19.622890344167722,431.37121975992807,0.4260774058069704
33.19238307895397,0.3840900665017586,31.18588388721774,423.6061242258485,0.2847014233550983
35.73863425144817,0.3734030818126154,21.211054323277573,589.8189310426309,0.3806480858730024
29.935148267969712,0.34424510452270496,25.620827055418854,480.87721291097785,0.4048346963069097
33.05900599044917,0.414141221346181,27.44467256651629,447.0656060940269,0.3909265064782922
23.810516203676194,0.41714699726653587,22.01161318301881,404.1740773821697,0.38029154058973025
31.092738134153723,0.3967811820557898,34.47393782983269,287.3540309934058,0.6002591530576041
33.583166552147965,0.38846915344130417,29.35188775402754,237.85476903394328,0.6448025435443899
29.899646219173984,0.39237305708961706,29.963126439879073,316.89515984730866,0.5327033092402019
35.46770553115232,0.3694849910219423,21.603623775600113,411.5460197978068,0.4611644297494419
36.15564006741522,0.3650133790928177,26.392956687488578,314.8528065417822,0.4327961081536454
31.101943944730753,0.37767963375129343,28.927762325102677,346.86580644056494,0.44345696441756544
28.09000181742672,0.4018368488049721,39.92609561817184,166.03074419884902,0.638137397426308
31.283520285982913,0.4464081852110524,40.2936881008318,154.67835527870054,0.6299343349273101
30.25787145025408,0.44397421659508873,35.37726396599208,216.7601341164369,0.6064170125520888
30.120665133084596,0.38165420267623756,22.821764632314732,314.5643653338093,0.5564793682793044
37.93467548186245,0.38608771266283926,40.99954321881586,154.011010299162,0.6605795786289566
28.27179056909977,0.3795799971974804,41.596152678089034,369.3355290190648,0.5165947446269623
35.4976741072177,0.38135816344516743,34.666298740848454,317.7744276016816,0.5642989400588314
25.82760919960399,0.4148812557292816,28.2969591168743,248.43893725091448,0.6276567170984729
30.39466447848878,0.42744929077470695,38.57634114098925,286.25626407420003,0.48696889326529585
28.23046023714017,0.41249684805051196,36.686511379926365,280.87303483991815,0.5176636513354699
29.76379907542741,0.39291944343608953,22.708324621334395,380.2223092889577,0.48070000068154217
28.70743848014849,0.40711400690066635,32.00191871693861,326.3994308952943,0.5253268148323185
26.300110948445248,0.41823728276382977,31.37101233779155,328.5795343150783,0.4802028506727815
28.360303447425,0.4242198398624501,30.099281063663668,297.5244614214139,0.5890886208464469
32.34019963473011,0.41908421785851896,36.40848358920374,172.339261996535,0.6375740670545189
32.62083339192004,0.4196535731390847,35.92197774007477,169.59591374743158,0.6492934433098951
32.52109062820087,0.3803763561014109,38.059473879264345,281.98255347039094,0.5735379067798132
32.35412891946569,0.418457386921456,32.7549873096557,193.96830382921306,0.5909488085635797
34.485232480966935,0.4254529938341685,35.90629031093201,173.30805843867427,0.6299671660648158
36.09586750868508,0.385531616434324,43.74910715182949,300.3190276344,0.45787327594847615
32.11478293244761,0.3886777947500238,43.169151123185216,340.87425972051295,0.4789107914319643
32.13969489021777,0.40165064843278414,35.20856646048839,205.95335622087475,0.6121524933028504
31.961374859616637,0.40399037998356935,38.44691820279042,245.2464687132647,0.5646841098123304
35.74438366070799,0.34337974913102687,43.14668503460457,281.55873826196586,0.6321863726971498
27.47256623865906,0.44459068023599296,44.21932008143877,354.34280797706424,0.49947401589177925
26.43725474049077,0.43698955155838654,44.2314030734968,314.054478022238,0.44194350616312045
38.40576302159366,0.33631886772321007,21.982158082397763,228.23923021275954,0.6376289718187399
32.72515307576366,0.38033106276740136,30.069194076352233,309.99266037176193,0.6502610383034251
36.81295357066231,0.37699373574534417,28.78384810217545,180.3130793517854,0.6241306059282073
34.0310101151329,0.38329471488682804,27.684481646927413,223.78394334041502,0.6307580865669971
43.83875801657619,0.3595274704191488,32.94920264874075,169.01636260079687,0.6189704061723096
36.488215210742034,0.35430485743456336,34.26451177685948,295.76441937707125,0.5575148353447199
38.0514701033374,0.38496197778395264,38.85376706061378,322.39416044213874,0.523065905057086
32.31383917304788,0.3912998780111666,29.334889328196006,336.32926946837574,0.5417083749844291
28.883225728150762,0.38693172744554494,32.013937646484,295.307620803566,0.537942122006459
30.968085776917842,0.3726377250819453,29.5837656680509,294.8117133079724,0.5270054553386397
33.225711832041156,0.4014444528280893,31.51478155297275,340.72366759014477,0.48495016783859024
32.85712050652806,0.35518969676033596,24.116030582153808,403.70539539844657,0.4192374252646093
40.952643617057504,0.3626512406473173,34.41015657923953,473.7506669178633,0.485381477349797
30.594563927099653,0.41415167801142666,38.952224414587896,245.9631266937925,0.5690156940807692
27.962048548605093,0.38893201852436554,31.588843963453137,219.0036899302486,0.6664131592010908
29.546771410186356,0.4170948901005784,25.930872185145937,381.3741885738261,0.4697213939242621
43.26151668312623,0.3481153828322493,35.33646891620791,252.20653099257518,0.6719718597327176
33.6882578470474,0.3854606089986475,35.49321398184094,238.61798257803014,0.5352786072054728
28.20269987404746,0.40524438937959256,30.819799806002383,204.75020369408995,0.6015169011327876
27.59308843297508,0.42399939588446867,38.95625642419499,299.6657333546052,0.5894744542791586
37.904722474419884,0.348059035332873,36.19215586225613,276.0529013124029,0.5540786944473506
26.533679618478505,0.41764509487897267,36.153988900223304,234.6905339040545,0.5337884446282534
27.849424860090807,0.4066136171457647,35.2939190864914,278.1445245495323,0.5642934761202999
35.24382254530471,0.3460667215791424,41.583703044613095,276.94830885832914,0.5369102584811938
35.21335965697858,0.3522242937980055,38.13422404160678,286.0924317878816,0.7059335986090816
38.381493067010254,0.4210399750292077,25.06571036108772,297.67332827691365,0.5357298701624064
24.844470554366612,0.3887866780550427,32.61398661565716,344.4848042868461,0.4579212923249457
31.66142832719988,0.4364756682397878,29.373434152550846,334.52912801152934,0.492400479838146
22.2083094507396,0.4393304825519069,27.478661487860137,228.8826801719206,0.5524920112291781
28.084560337246174,0.4341834413116481,31.875777241234545,256.2652110892311,0.582422947930708
33.32332075625433,0.3854990947046576,34.21034316897253,233.79335709300153,0.6142131741395509
36.512319567575716,0.37840739262024936,35.72216944478896,235.8983531036033,0.603011358877858
39.47545378909266,0.34799723654889403,34.26093534066057,196.95771990512608,0.6334434175793143
36.73231596191266,0.3519006989814627,32.39675239567739,421.9734950464001,0.49927479924978607
39.63863889148438,0.37264832195372,29.83200417492522,281.7571571071231,0.498097734168372
31.918592206909793,0.4352298238728671,41.395934787786835,250.59326930931542,0.586576641465294
30.065406247790087,0.4077073373899933,39.766503019469944,218.0503818852378,0.6024555959398712
31.130688397213945,0.395256592039532,26.036554782037506,297.0377650608506,0.5550331300240696
30.882578155554185,0.3983516174826895,37.99602000627513,209.81148728454025,0.626764862367837
33.26738164157441,0.3998771214459385,19.734031482437537,240.88364866042187,0.5955445308852793
27.62748467889084,0.40556131083947256,36.98473313978303,204.52404890448318,0.5930408624345495
44.02361190291666,0.36181089383890525,25.727648983880986,335.01735367011656,0.5742530242199528
26.174409803392898,0.3943397348326356,28.420755906123656,485.3842716461976,0.345722886634299
36.505019397925444,0.39013683284371575,26.046365022906503,317.4797597113882,0.49307867278606077
29.24638717156031,0.3832078596678725,34.94287905462249,212.6451957877406,0.6339637717211767
37.11762262902339,0.39271473592935324,21.944166178113015,247.64019557596285,0.608003472544077
28.751172856934055,0.39997130111797646,36.42137803563482,262.49042001847386,0.5432462865292211
29.00605960930295,0.38703852098933733,37.55316553048315,278.4907720791532,0.586425331841452
46.59814694976041,0.3370992828569219,35.84112828886545,361.21998471104047,0.46686729245719083
31.896993119946632,0.3844860203543353,32.804199908789705,397.29287744064294,0.4895454069471521
34.158646756967876,0.4092855329072321,32.98207616579504,267.6264738614759,0.5683926668730397
37.6772082897019,0.3719559762987965,35.21354829563204,246.10025647991412,0.5360313617684281
35.768539196248355,0.34194604969555625,39.51815512447129,168.40870691290812,0.6553738782887621
26.839543287662302,0.4373713195197064,30.742663463924327,289.79139928149317,0.44208959218894783
28.740811566428693,0.4368354520264253,31.226609485906902,306.67757621632074,0.4639847502069009
33.206884617004626,0.3858134103197785,30.395768505442454,260.30061778324796,0.5795975774010124
30.713750207747616,0.4110765970574209,22.706232373116496,280.9756857252255,0.5195854112381512
33.98085445593691,0.39005604072292593,31.347098430779322,298.4235377767896,0.5126909586370555
28.907350642331007,0.38745720801508393,29.20297574337194,243.12741233978718,0.5572200552500574
28.474990486192358,0.39821592985804044,16.87943154252136,234.86528894884418,0.5549805900207772
27.764310729615058,0.4148490360961477,25.839395167199857,224.29025038616854,0.580235867407306
28.52515270029714,0.41573420861331845,34.416028202489514,304.5438763000337,0.5428048832711796
27.937171013839095,0.40344481134218807,26.892707593905428,220.75239561012086,0.606924217353548
32.37789606938982,0.3931652803864085,33.80599949700179,344.73129090547747,0.5208623185986719
31.041900409704244,0.4019001771701266,26.327242498054744,376.9308780867077,0.5500745743209842
29.858475492416265,0.39991141950555575,25.425828866335852,384.01818541318914,0.5480338675350754
28.999288637788077,0.35441659806001646,21.89629627899653,256.0649741503417,0.5274653065786148
29.64669373004865,0.3635749384863904,25.261555000619737,282.3277418471287,0.5230887473329078
30.165028365392825,0.3662646954507535,25.21802046190132,292.17447796988387,0.5193568334509399
39.731200600503165,0.3894667168988217,36.045421185958716,359.0868257816281,0.5362448081176333
37.463144236058724,0.3602624592180553,39.52569329697964,267.4669921870689,0.5994608042076484
29.7765588792882,0.41848440570244955,40.96033359586234,257.9619110332993,0.5443320106862695
30.58094734750793,0.3848901274010649,32.6611918233119,433.57351195311855,0.549220723440772
29.486867440716917,0.3811703804833997,34.02472870635155,425.7472449790247,0.5529508674517614
35.48331423073454,0.35853763841648284,36.534626387581085,296.4333400038858,0.5227630825068564
37.030862642341425,0.3622599313155809,25.344801476750348,462.1417620780862,0.5251385473838295
36.608680027181606,0.39228218125717546,28.653976247992546,372.8786799963449,0.5142962964523496
37.03907222208671,0.38132355199337464,26.945847021217293,346.5272410891863,0.4804624289745512
39.402943487772276,0.39026634300349,22.27928173472985,352.5345726782175,0.5135769894758365
42.41129472006756,0.3230040625047871,31.933068564843595,384.14702036800657,0.5115356995514003
43.69655403031753,0.3499538757875202,26.43516273120197,398.4433472827795,0.4965501329304895
45.465300851351486,0.34303274614064305,23.532153793498818,459.5253531073517,0.5015835020495476
50.91998198573054,0.33214938437401986,27.764411803480137,419.7895937248882,0.506892112540381
43.15780988215577,0.34028560106510997,27.83558455152633,281.5105597021531,0.571116868022228
27.333848157815886,0.4113290960764933,33.60425047235197,245.31403597622398,0.5265400416354349
29.487368539987617,0.39640697092596733,26.4156634352917,314.3215547460791,0.5465273359564935
28.011742353660082,0.4101854777954172,39.00435524694438,196.81526250037362,0.6181144236527347
25.918449293523636,0.403158196765296,34.475334304712405,254.50007989786073,0.6187503744828656
38.4916469885803,0.38661566663153607,33.528029351522136,207.91926104796246,0.6026148598679938
32.04851108376822,0.372658779042035,39.191452548645366,218.85634881422158,0.6554423389186552
42.71872597654163,0.3746736111169844,27.079752557984886,338.732629367743,0.5147293178964788
40.98596527023208,0.34668149295557177,23.254131062004326,299.5433715179073,0.46247145159499875
27.51140346823236,0.445494900108491,33.6675271392214,200.00830685705768,0.6146978284114505
31.428750289714618,0.35156904261585203,31.2776625416307,378.65284312304686,0.5898636439253047
44.52883473000744,0.3885168811202011,28.33182160209194,265.0320981263723,0.5516909800246654
32.432074906109065,0.3488099649148805,24.90330498758922,321.12492529237227,0.5656313994317992
32.58899550916568,0.42202804064100263,36.87729731421897,261.65862800449037,0.5366611460294308
29.364657163957936,0.36769320670096045,26.462531483292306,240.36001566105372,0.634354567055249
33.39171209354514,0.36650373357377325,27.71511289867976,275.0577756131478,0.5798089260378011
34.797734265800244,0.4048676340679908,32.74264497822125,348.92051946879707,0.5091130725033055
35.01047801734256,0.3855552924249018,29.19496461829004,371.87899720874503,0.4605536380657888
33.04684494300223,0.36405937604672367,27.148301643969585,290.73810776482094,0.6008750567610007
31.969009533708693,0.39382517756282187,28.710065863946934,320.1122857352889,0.5070215490464722
36.69760092988387,0.3640556574157201,29.323127005694694,285.5881565834801,0.5243720742643986
35.33991992198568,0.3984886597407719,32.99339225193267,338.80324330176444,0.5419345950751118
30.074876602484018,0.35752851107520106,31.843676588621026,260.26399062937116,0.6091047872952177
40.62882914705789,0.38089400676586094,29.94339941309977,234.32919308411297,0.6105816877539361
31.336884333387857,0.36715298790519896,29.58459371055765,352.4356542263219,0.5368130215785574
29.71298466838339,0.42026676113299455,30.464618279079172,285.48307550426597,0.5053265198725304
29.622604006488643,0.3930242635071757,20.0266778704919,326.42924284574667,0.4409349625686459
26.819570932271752,0.41134370406653287,41.51091335256693,321.5485327719357,0.49285720684825796
27.367076802464045,0.41628928613324606,41.67131963170275,316.4461205947593,0.4829552589353316
24.87247849172942,0.39813528804561693,27.692439272734326,391.25829943706856,0.5362529581202957
36.55708964539788,0.39217819635115236,34.25986042813045,256.6491468471341,0.5977320040683117
35.02166570232763,0.36224879865192255,34.627808070820315,329.6313778543718,0.5270163934638945
32.59068387399198,0.4016204472784677,33.268769397422076,308.119857106653,0.5063166944884906
40.76999942788194,0.35241336597414186,30.46326244331731,188.5144592275576,0.6428197488852416
29.657402192316443,0.4034376200719643,29.973807255991282,394.5692397644408,0.47601164032736354
32.19675494237976,0.39469417544220753,27.88871459306828,339.3759851838072,0.48975662468381376
33.52819580673748,0.38245099701608004,38.398884074649104,334.3751256028086,0.5494244570997445
25.21079733436659,0.4321226830960975,26.092386637756313,269.9548869899638,0.5353217861168896
28.833933891127373,0.40542998309465317,35.42017085034318,268.0805273164886,0.5457419845909126
32.19203273319253,0.397483237069014,33.590480780108734,295.3523708407145,0.5657715051539556
35.124977751617266,0.36612653909268844,33.938934119527076,177.51173832687257,0.6803804899124617
36.315374012593004,0.3817542341679009,27.661460680922715,375.47617484851656,0.4599426768590192
29.857655230275235,0.39897945494196063,31.99241242152925,514.6513206966712,0.4920185617091903
27.817824844391176,0.39406144515901886,33.75381247899835,409.2920347311483,0.5156021400948084
32.73532688364066,0.3655946239537872,24.329964648610574,282.5131758735847,0.5695623803697152
38.51293136128043,0.36418614699209256,36.51761580367639,253.89354299532621,0.5089611122237012
36.85562620308533,0.3857667862610745,35.036433621144894,302.9664978022981,0.49614524658373793
28.636120140491094,0.39676743124195346,33.662129930028264,423.8032541132675,0.48672275992043407
33.103535712185476,0.37371110564601645,29.855622030590908,280.17621735269637,0.5556234525934545
31.125952592249487,0.4042755570081222,32.64664695786418,204.41565449066218,0.6485252586846219
36.08194281531276,0.36270112222398393,34.460063447516575,139.02045774348574,0.6530437904879208
35.931594024513615,0.36864599017575067,38.748502307836546,232.34366511843226,0.6484481140803584
39.21623111998816,0.36826287666237634,22.531381357115546,316.14332974644435,0.5518113078170027
38.195003131842725,0.3617137910752261,31.72454808194036,376.02421208417803,0.4635516466550157
37.02398013577782,0.3764851822990474,30.543110165078865,299.56247313206217,0.4880950083197528
36.60419721445715,0.34885296818485223,28.958654295670897,375.33821954174516,0.5707725044235639
53.22097910347115,0.34572544479439915,32.467226614899594,197.0917442227608,0.6427254010132601
49.3720073589883,0.33712913696014957,30.429979291448987,253.56322516855317,0.5540796682778977
51.18702412642836,0.3445013962257465,23.598560925287522,228.21003612100247,0.6795053753113754
52.4108243311306,0.3258600199991228,24.29037613898084,206.36403863771392,0.6401675031852913
31.2242422656343,0.38202617567244784,36.376616503926854,270.1549550445672,0.5328285980993382
33.08070418484141,0.40296428821489433,36.706787765894724,159.60199734759473,0.6576039631096899
26.758279983859776,0.41159076517948584,40.91440466713485,165.0547336186056,0.680557831468128
32.83890231920601,0.407100750685067,41.69794557525224,156.37448512991114,0.6706970790138294
27.919975348489274,0.393609846174754,42.47475043053647,292.35703082039146,0.5887123926873273
36.47290844321527,0.36952059058507075,39.99090315770136,270.7096008552934,0.575612809702387
29.928567928936747,0.3817655434373799,34.480300397374265,311.2373802519956,0.5650075772836297
30.82547155459752,0.38006966830839767,34.224367535406486,411.35067004959285,0.4771011753492568
34.7107799113819,0.3929389556127363,28.654406314079157,206.73763846277612,0.6256881106787102
30.312712795836134,0.39389828499849827,35.989748001049776,290.6653854222161,0.5370315004684957
43.78599513790787,0.38223599978490047,37.09675823161341,288.17058956575704,0.5366252778280867
31.7367129931183,0.34732749869871143,34.55615474905928,346.45633816692373,0.5468597105639679
37.52415027715008,0.3844081056383914,31.658434696961397,226.25802950651195,0.5902898463188883
33.1813412878143,0.3715606983374986,30.232675991414713,356.30762839924574,0.5194025661164846
27.45324079838998,0.42410159604403147,27.640956834839486,309.4552487367999,0.4916913247763513
30.29003018267251,0.42372668563894644,34.33439152081625,247.9324184052078,0.48913072286966036
28.51074182709679,0.3759138201522876,37.44743763578259,353.6343198408485,0.5942531604742265
32.70522648354207,0.36638302831630215,32.44462902144749,246.84838653089832,0.6306670915557702
27.543071484431632,0.38629407911985086,32.619037245738454,335.6550649139144,0.5472320922998426
38.13304463597836,0.3744940211589422,37.416989726205706,274.1715862697646,0.542282766130423
38.229537403160975,0.3903385580850736,28.424230259442542,240.26577017565944,0.6215429138488944
30.374984004131683,0.36553620861178243,39.024199375436524,439.10110359285284,0.4897473976156232
26.78123439366154,0.44577420861082223,36.54186198026898,190.39155123198364,0.5537564284320915
28.63917656067571,0.4146667194556147,33.090741037063374,203.39154434820873,0.6855572273373247
32.35444861409547,0.38500762455647414,33.689789198419014,374.01600934390626,0.5882063187910942
47.28133485621424,0.34773531980983113,29.42655121713276,214.20149753245735,0.6905350295080623
41.10350396255133,0.3267196505811108,32.230531932667716,215.4880333701415,0.5978245093142794
43.05113172011207,0.3580196271221789,40.42933592502716,218.8825166671969,0.657234158100701
40.33664200106612,0.343443263577759,22.654886848980944,296.44125339301263,0.6230810940752411
44.3812387770892,0.3604530710079416,30.71631296502473,252.86250415927165,0.5510925528872487
39.99307162994107,0.35601918106915975,25.865672176186013,334.8695910331363,0.5968806610115585
38.544759920863484,0.37004095896864087,33.673375647167724,230.38657956873936,0.5948383693098315
26.707570671295848,0.3947812507196179,35.83447578977483,197.5744785988222,0.5998205371798344
28.294710997968075,0.40066105275415037,33.15926745211207,228.79247530311403,0.5388809110469466
30.413735863829597,0.41428385836176973,32.83943153930779,147.07523888872626,0.622179889592443
30.229319011155017,0.3935154012113278,36.92575010880071,202.48904734979925,0.6793300158728591
27.526350144241366,0.39196222189885704,35.781124701955356,251.65258795775847,0.6236792730151617
34.73089755947,0.3818621414633899,23.02702232454798,365.70224270929725,0.48713213897799745
25.82034691940261,0.41435497880504557,35.70762473659776,194.06164289070614,0.61118455104977
24.01534847814809,0.39262180946675873,35.496999678650084,249.1109822339891,0.6107084270114578
50.124127604730894,0.35067400349128186,30.019570143043477,276.09636254613577,0.5806914368345907
31.961057170824546,0.369415027394719,28.21504077835544,278.12163342676996,0.5256793758252566
31.60661205852635,0.36069758886898995,33.57726661379132,383.369069107505,0.5586880276910637
29.04065501967671,0.4285057925478403,37.92251473990407,184.0377003830371,0.582790057541737
39.16550262769038,0.3588252640500139,28.934814510133062,329.97178990895407,0.4751329043902145
39.983309561026026,0.33341511863200685,25.857349665974017,298.5522790949335,0.6666795082115158
41.51085907227705,0.33777412210697355,24.699063883585037,278.1651058698818,0.6101350353506134
41.09422557953856,0.3274901683046749,24.75398938597666,247.36494921289759,0.5922163455438056
39.52530263060579,0.3425108394838436,22.096115229164713,299.3933651080771,0.5845358964335382
34.80696182886673,0.38741296749438325,35.81639132288135,431.4783274187277,0.4246665448937863
28.569999365050023,0.4238705812237507,30.669716478297193,347.11764462028964,0.4218930207893646
27.48831760266153,0.408603388301503,27.285833422750905,366.1688832538515,0.5516450371686202
30.58412735260645,0.4082724120859996,35.2080937877644,213.0697196764359,0.5544544378825844
31.482434219401803,0.4063429381505732,31.110397921202107,273.3510113473959,0.6279929076466145
40.17974828703074,0.3742897832261253,35.24864670667936,372.02697171683315,0.5405795545138632
32.57876180603716,0.38222293419411973,33.0329534343546,209.75214278287845,0.607934909635852
28.719071061432164,0.40361511707953723,37.16732751062755,205.95192620729526,0.6873461126760627
27.342590814406257,0.38055604761187056,37.14958568487609,203.0158068276801,0.6719755646294674
41.76682607414992,0.38736971808676307,32.92287720194758,250.78461592940184,0.5638933084799646
32.72120073921619,0.3627891517273514,31.284594115018166,272.234115980309,0.6058471060399804
41.96287909530237,0.367844976717229,35.69633547073896,184.4415230826409,0.6718394049693786
29.888347535491615,0.40423599415664674,39.23290433995582,306.3301005967936,0.5233493212335327
33.796278358514975,0.36259124164697704,25.968779684276544,221.51481782468466,0.5843319700546751
36.023355830508166,0.41153637859576053,26.026504438920995,385.709230808402,0.47580464561757496
29.044315866053008,0.39074905763657575,19.70399889322121,569.5661228091088,0.4563893956689616
39.79007442711134,0.3873587229087744,32.08327938926396,266.2500823762498,0.45370512148919534
27.71981940040254,0.3775067353571193,27.516196437506796,278.143725896138,0.5132098791735964
29.509172939652828,0.4128822179540404,39.9906184091369,170.9166371469584,0.5594205825899881
33.099754039984916,0.3648305178699704,36.66567074371649,206.93775950444518,0.6102419962608366
33.32165763791655,0.3877358007645101,24.006221843593575,293.44785871837627,0.590065510151551
40.62175042057095,0.35723576423567743,33.188288089925855,301.4986209425205,0.5471684556552114
44.38543662799725,0.337761873115918,28.476666553129544,343.14786626689505,0.5480574958047698
35.10987210201293,0.37168789696789234,37.06099310709455,358.0421824543928,0.45049778540902247
38.33969803202568,0.3535173578423289,39.37195650585746,366.02557759614626,0.5870083244710818
37.67793365147567,0.3074481973590041,31.57693146985893,411.18389136136483,0.4620824973702589
35.10359541911636,0.38021440807290796,35.802916349598135,426.7958760543674,0.5271314129601399
31.00573184135028,0.39329401005393255,36.63664402164284,246.52061805739024,0.5849629698140862
38.69659296646927,0.37944388179496735,30.650619053684736,197.2332093868805,0.6470601555386906
40.60716224808216,0.3951004795687047,30.528726970664568,190.5005952902282,0.6384511611602656
22.588433661115584,0.42846475156007385,35.388778109859444,264.082155052364,0.6181866843945915
30.960829591652775,0.41615776830032425,29.854570893735012,300.9022942929135,0.4689083769342138
36.73094324931994,0.346305421870847,30.44194935392913,397.7806144297205,0.5575632032997672
31.8160877534364,0.40129412976860374,34.11151442593549,204.65558208662733,0.5879644274752419
34.09641029298816,0.3981355413144038,31.921942300567423,238.02759645869375,0.6157071256047583
30.610011634141507,0.41775737579000494,33.91357818662415,289.2403539818704,0.5587834933134849
29.475424871368162,0.4156874002257182,30.684911543397536,273.0854363781544,0.5949977308169215
30.86991910969401,0.37964282995048254,43.20185015902639,228.7292329208194,0.5672680546541233
25.444222180216514,0.4015979494095306,36.90078350615522,263.0838247780003,0.48560590575471996
32.90791229607082,0.3615803800777565,24.599815273070597,246.48262480097165,0.49494213178643415
33.11831506703226,0.3838261903758076,28.707866156985993,305.17748792095136,0.5260983131613275
33.02050359106433,0.3984503933622215,36.85129038303433,376.4644222115434,0.4432656642101563
36.678392188244906,0.35374439814940717,25.928302754320832,321.1625812658885,0.5689613386820791
29.38805647228884,0.39911782960632214,38.91016309801315,216.94361903959023,0.6053774964101944
38.56740375184261,0.3552824510666335,24.671629028363157,454.2910025437882,0.43433995224548666
28.374314145324433,0.4048548042298973,30.620053771927434,320.49299146076504,0.5643936533025937
25.121391726531368,0.3825044406296819,33.3424036541452,329.7527150836289,0.517264134987357
45.565916994132934,0.35242962996396426,26.99987432582503,256.03863419798523,0.5351901700302362
30.523969819762705,0.37253193734316215,33.10385980555248,374.0090999653129,0.5512133653987447
30.622890536424205,0.38105791829115687,33.964408174975354,346.11206504040075,0.5743285702187972
32.60769990513748,0.3971223685993023,25.297315324377372,329.81233278032,0.5359584553321166
28.401773988859635,0.4007921141023165,37.00811907810602,224.18760867523318,0.6523492694244577
38.883576237147665,0.38329331589717985,22.979463179662343,255.34249697191908,0.5983748755498307
34.83183460074927,0.3473927105313836,34.183319123607646,312.75609957431766,0.4997344426752322
38.33452214596586,0.3573647007337507,32.645490838178134,280.90727097662153,0.6160829577238053
35.28322049560729,0.3935364833294578,32.1801825215343,343.7099759464398,0.4170120226791729
25.212491061834314,0.4113041369737934,41.284356793277794,180.23937049915477,0.7201030666174876
45.48088085874071,0.36001597726033974,38.87415835508278,412.3942858700833,0.48407793240157826
39.11901314815352,0.37584152184562747,37.606019977980964,393.678264087589,0.4909386988206207
30.584862860453235,0.38215805233673916,30.675537280454403,274.2493462938935,0.5388752855861054
28.362184109963266,0.4154862468955686,39.44157905655543,241.92629684304455,0.6142035783013533
28.362184109963266,0.4154862468955686,39.44157905655543,241.92629684304455,0.6142035783013533
32.46747300983529,0.39029306243228923,34.24667830591139,202.9652441318416,0.6261392881780754
31.14415762225157,0.4221985580407408,27.285582251147442,269.6327119062408,0.5421606810264953
30.49697142483938,0.3836558105892241,35.466038905320815,239.29147885508186,0.6494279271973523
31.845688702248573,0.4102018952658905,29.421720486674158,273.9959127144295,0.5392486872456881
36.394094007148595,0.39448139672992033,34.1279608693091,223.47966804017915,0.5884111325834176
22.75040064244921,0.4165134378518779,42.53770565984413,239.0290297446863,0.591706286877857
37.392643868060816,0.37183562070642073,31.1149657055898,303.4888112828882,0.5195637919443049
28.410329775856905,0.3766425646897058,39.233265120504235,174.3648717817643,0.676534716127724
35.28801964312247,0.3901955231359021,27.25765524701761,280.7832006204939,0.5737041286480095
41.71201482625682,0.3439953569730945,27.97359705255412,360.69063089069306,0.498413686764432
45.20415333130542,0.3350873268646532,30.816935176996164,464.84322559222903,0.419691295543391
38.101401213635114,0.3661317988509954,29.115552878761118,299.1545461752107,0.5585862135537805
28.474026967641098,0.41306256937680463,35.671316083389364,239.86551290588545,0.5672636597638937
44.445969820630744,0.3421755431889228,33.965845119419576,371.5288790019932,0.4717502410500194
34.0609463042045,0.3832462125981914,29.122703642043284,292.80481177178893,0.5830144819616919
29.11964973641432,0.41347489387840575,39.71063494614892,182.892234890324,0.6001147016805106
33.770422006106294,0.36699869692293907,34.77629712635807,337.0511834511166,0.548121212202618
35.64309698860502,0.3509373554664923,30.658906601967672,313.3501083248218,0.5852281058923514
23.923105649530008,0.47445860129968065,32.549284230392715,201.89577112568472,0.6254779169694364
28.73994685315997,0.3921966220022773,36.41314489961888,316.80792437308054,0.534339377682723
29.635189458767012,0.404154366642751,34.1422803020567,223.16858417016184,0.6624484106962496
26.52568233474657,0.38739967475101633,30.050073863583922,224.33399819177447,0.6461052645933387
31.150802626853768,0.3684072224281275,24.535213114013864,356.1086857932335,0.46876209747639475
32.41997764160461,0.38623244500530407,33.01453581656595,201.1246219232363,0.7029924188152964
25.651085151758487,0.4483394682309432,37.747844810375106,257.83195666988877,0.5396162181284795
28.485843062647835,0.42939734047001143,36.4559779347974,196.02291113997381,0.609240555356329
28.8737469900725,0.3905117738293314,33.02637501832933,325.89603596624147,0.5048904971102762
23.883859616668047,0.4340743598093308,31.402695487137983,235.52647878131262,0.6236319857858961
29.748899682461293,0.38521754916308304,30.76593183383669,263.3358582273951,0.5587868659776488
29.88578874216128,0.38032127519189246,26.220910292959587,268.6088863985442,0.6372144085235448
41.728205366085106,0.3691926486789211,32.992351474393274,340.3174524098257,0.46924510848129347
44.26842881944433,0.37176128382635215,34.489834890774105,374.65040030171616,0.4947654589454123
37.83640316391021,0.33786609941624707,27.974542398677247,463.71943720182765,0.4301640590283503
39.43967053412928,0.3772065517794368,18.201541968410616,429.9648677689979,0.4161797198773762
36.69670264147032,0.3586654466778699,24.87698672103935,619.6794427921405,0.3474749034335913
33.72378195060406,0.35532213731379103,22.645886704352144,513.6551120197776,0.34473656840180683
32.07277033250381,0.41285137259885796,36.926971964826556,228.17768402214125,0.5642892740780319
35.18982626996086,0.39873787875287503,38.40509332688906,237.86534519061,0.5325904154711595
29.749276076793304,0.38609924974071264,30.128738090513625,239.50480649958556,0.649188931105414
44.735965785426416,0.3635386771993823,33.53652805505021,221.9116605354562,0.6102046418803393
24.89628672666253,0.40210004768015184,35.889230953571904,308.9475712841769,0.5232370344319477
32.912961365868696,0.4038531060735269,39.1047263707661,380.2179417220772,0.5273702136624291
42.026918074131636,0.32336281687070634,37.03353196076671,220.65218095653205,0.6118526452630522
41.888284687152336,0.37549581417350986,37.48468355965114,192.66292657332696,0.6642349402606674
43.50971283927948,0.38252827258974936,38.70057593093005,174.11391871423118,0.6376429555464027
30.755956171638413,0.4117782593639398,26.187965332671222,332.72340259782266,0.4926791036262284
27.914055397017993,0.39740583544464336,31.839796615399738,295.2294510646656,0.5685270596191934
39.03834106780367,0.3815577781790638,33.68608327604718,249.53422079515508,0.5715872566434788
27.962122757335163,0.37825761944728564,32.333135278046015,290.9172918726618,0.5783709674061817
31.006894293415023,0.4267485496658166,34.31574598743676,306.14065033439635,0.4349295485504748
27.560477125810788,0.36916210658201665,37.5647537644749,309.71138030892394,0.5984821576359625
35.78152678674418,0.3692592822316924,29.568506973706402,391.23087162138063,0.5077849752228796
36.12248794132299,0.3703780289018172,31.03083338153912,422.4480135751952,0.4990241035872466
32.42821291314861,0.3589471893335484,29.940106371594393,350.0135048307809,0.47398754124248826
30.329732174443627,0.3780332248039005,36.52419240145563,318.4910273554432,0.6155286582334921
36.801027542314216,0.41419731599282383,32.07968106684477,191.9020438872644,0.6161143502105735
36.868041675535565,0.4265554718582192,32.77366503334203,176.9924400795534,0.5614917621161382
21.010559767524118,0.3770864191498639,39.47327822640103,420.45071362516444,0.5034998535110492
34.05569581453315,0.41543683934075115,31.284546482002447,174.1945583867925,0.677325797865938
30.62429425053399,0.4012025952523829,37.01565891075291,187.73029892055038,0.5808966626796999
30.484154779391673,0.3810227590859865,25.58706922741984,293.4397492211947,0.4881219196332635
28.11693007534469,0.3981403270376901,27.56245337126052,339.16196777551124,0.531797556237555
34.37093119150026,0.3971223481075556,24.385985994775368,373.2549094451591,0.45759917716775633
31.15388553379731,0.3425140018721495,29.366814963674077,488.2634854130176,0.43670435379133665
30.3882791760413,0.4026878269046215,25.288224031686322,325.5505760540442,0.46103498178795493
27.38737344931721,0.39649278363357665,29.528862657927444,459.8979805362369,0.3942790339041695
29.9193237107314,0.4152234521492915,22.305858936654758,314.7962219697716,0.5103229914852271
26.821933568972508,0.39243305802847583,34.77162564409053,333.0605311144869,0.5196659246190638
26.821933568972508,0.39243305802847583,34.77162564409053,333.0605311144869,0.5196659246190638
42.11259308869401,0.3812179433599279,32.77531696239183,265.75046238283977,0.5771758414777789
24.48640898795961,0.4201972025005514,26.678274470530106,457.4204368384614,0.4522590281972222
28.555941723570562,0.4228691490098302,25.683027787756362,416.98604252178137,0.36086669018086365
27.519030015608465,0.4269476672931839,25.234475503247808,405.7773187486448,0.4072213370027361
27.99713091931967,0.41044553275925244,35.87724879513334,234.932990041538,0.6390047419547035
25.336853996181596,0.3907835170382653,40.91013770218574,279.0732289263896,0.6308996888422933
32.679587019020765,0.4243871706102176,36.73679931002857,201.02595615244346,0.5479132314921277
29.54605352331691,0.3686338756811982,38.48810911584524,255.98891204041166,0.6773666909899332
33.85031007482275,0.37359120014149694,40.492537866513345,228.3042634492427,0.6531178865772532
38.37846731001639,0.3526229506193579,37.412007229664994,311.2807946148711,0.5620044103256324
32.736626704678045,0.38532918882959694,34.20224533267758,241.20114540708386,0.5941263020833226
38.64120117042374,0.3462037264344105,38.979020391125275,367.2789979274896,0.5283900564076217
32.5329582301568,0.39663902758623293,27.96122888521125,313.2858128340867,0.5268123087752568
36.67673416237908,0.3699148531638838,24.945648240482207,306.138812507196,0.5226168439603717
35.45186764811175,0.3725941143644983,20.606797279099258,303.6845196732186,0.5162416488300897
36.16036352214012,0.3822583421644008,25.82138303598818,320.7879913793229,0.4947204534585153
34.0893806026697,0.37346425728823307,32.12325677084762,251.14574993824274,0.5772839733051992
33.62800877487372,0.3576958065124396,22.80983048083193,351.54878858338566,0.5263934396271391
30.814893594207216,0.4240051727292495,37.800552690441464,226.79622090538103,0.645665335505934
32.57143662040531,0.39583454756250136,34.76924055670224,305.8216198956611,0.6156559988993846
32.71686507995076,0.3865071368934136,34.40679368263308,300.09580234541994,0.6129290530794165
32.08679149981435,0.379095526026825,31.017158545850645,315.7981298024141,0.6059371984647248
33.60015100816052,0.37147772927196027,30.50645035080078,326.25274267391046,0.4869433675397262
34.20793841585499,0.36261916401829725,29.163042838506534,324.78325120482384,0.5256339554373006
30.406508677228864,0.3889695394973408,34.34202489927595,243.71405906500144,0.6282695318377423
29.846101710752492,0.373657711312638,31.801215563901362,314.4228275431699,0.5891010868753594
31.81143638964867,0.364762274052664,31.464375924810852,323.69518487873773,0.6030178799553408
32.677816235971825,0.3780132339362279,37.17793058798695,217.45525883346048,0.6140005274739818
31.37973875225874,0.4001026096645633,27.745353118893075,255.29407579010424,0.6037523962550274
30.689631872657706,0.38854814527670406,37.517726180182656,398.9217288387114,0.4724116202050878
30.719430395698225,0.3746918409210214,36.69958223561107,317.55670057354104,0.5453142057971903
37.04021282085495,0.3725657428255596,36.828355591117585,228.44251758014374,0.6150015434448709
38.6456552081574,0.3653156109478698,38.264729479003755,182.57161722773552,0.6004481024790311
34.632426963847294,0.37391913164052065,31.798057333509416,236.9575815965372,0.593951759436729
27.323288682355432,0.3955697986691399,30.470376272430585,269.27933003616414,0.5514061417465148
33.18111215348846,0.4025481196958549,37.750369451173796,165.48317608595485,0.674353317083029
29.000606159151232,0.38930798351657414,38.99215726084629,294.2397694877811,0.5645191198011562
37.588142043246556,0.3915450628477082,23.770945241708866,274.1787746493262,0.555293993187966
34.54930895861296,0.3945723592592209,34.17976088561967,252.0558360837232,0.5514950016568727
33.2615448252419,0.3651942163147967,36.553164579078455,266.03120769861937,0.6259721426115339
31.347168510624904,0.383156274690286,40.17456463285583,259.71336644427817,0.657465340243868
31.960054499480744,0.40257925485796625,24.568899136721967,273.3886840016647,0.5980947051320671
39.507216065203025,0.3631359053839089,32.27675709936192,271.73742409687276,0.519633240788924
39.78509289019305,0.36232158005917064,31.793932975579512,277.8626079342041,0.5357175800939783
38.046259601446685,0.35962254712315095,21.288962501717247,311.65820728864946,0.5787583531457293
40.968991960611206,0.36381853424846555,34.84880329074221,254.2356159818344,0.5833072157264729
33.04243214173336,0.35854161362600195,25.721297212713168,241.21087303960775,0.5499850667994864
28.58207438544517,0.4022555694530317,32.8602974442877,448.00865411099755,0.5430018872496932
29.343755570823575,0.3988757393630021,32.44054029350656,337.2937747986417,0.4771916369192278
46.454983084963125,0.34056171316880857,34.05616557291864,360.6029047036522,0.47113622889378276
44.06437367659171,0.34713664347205914,30.16478630654788,285.3331613054072,0.4491877411942962
27.720936662567947,0.4412096003405197,40.94494413234924,271.3943891663833,0.5764102587090987
28.49182852821528,0.4224020237237389,41.8555064246964,221.4545208534613,0.58394031486991
43.870612503628,0.33406771676624897,21.113977688942217,336.28120075348323,0.5106298484821964
39.41596668066574,0.3529134371003259,35.40975431732455,359.45071794574955,0.47346316590518395
33.797909262003216,0.399657736348165,33.08702771479136,300.0187720576361,0.5222308424102042
29.82550745403702,0.4188200008145035,30.076789576803634,321.0028237646531,0.5815946989359726
35.288781086067864,0.3645953288925529,30.064464776338394,277.46219423297003,0.5173767106271535
31.617937948144842,0.406891168329182,27.7271472686664,292.7206539672606,0.5997898511589579
28.856286979622666,0.39022789934434865,37.729696447277696,206.59811463485394,0.5913466115007772
33.20630934338353,0.39919369134901633,28.613954665846865,388.4880277279767,0.5619633561425662
30.82055952669071,0.38383121015355676,25.455910857608107,237.72045964526967,0.5366595406617422
34.38644968968912,0.40146035800443924,39.8963456315163,188.52017596997487,0.7002312534235196
31.756924599730013,0.36660843274307586,26.733206988239388,351.5579030913275,0.4648961477644162
32.65296821208681,0.36673029243276517,27.825264021604383,329.38978657768087,0.41831271991577246
30.295412281262216,0.3882933461898077,32.01997120072169,338.51809787028714,0.5070086691975575
30.275471568699164,0.3667176779713497,28.660833557441062,314.2641446084069,0.6682033643477013
36.81339350109585,0.36457074137154455,28.913124916325994,216.30975952347694,0.5514912311849701
24.692295634344816,0.43401919505206793,33.91669268042251,287.45150905395667,0.5814835983576377
22.715876057978434,0.4480455222980289,28.16134738736293,210.25801506847796,0.5705322590992048
23.48649344437866,0.4465024290274527,31.360114600635367,288.3239208719209,0.5987960268794871
25.05726829436029,0.4410928085418437,30.83437179776746,278.27215455166987,0.5942095855727917
42.81495803395714,0.3364333242070326,22.34815058465566,326.752571525901,0.49198607259064403
45.94902080214669,0.36022629364986325,31.056037443216965,329.2168867811315,0.5593170472163584
40.85271171850556,0.36213934721050167,29.075867660920135,299.6419199514003,0.4820353827036388
26.790416106667372,0.3781692956324032,28.98510851724874,281.0497164962624,0.5161673146587278
43.12269287630703,0.3752560106725529,26.230494454856665,403.142560763122,0.478106483420978
32.44635703999029,0.3925073642624029,24.32571887275405,286.92191207562763,0.5026275268093072
23.847183197636916,0.40568406569252025,34.09343151386079,278.86447082736606,0.48973544502197175
27.51924465648002,0.4184737968285773,26.559221081249337,427.84859799601657,0.5588079739703972
28.785000238076776,0.40898844049391136,32.475229766858845,291.60961242601695,0.5147385332003486
25.650179884189075,0.37916648550344845,30.531800441555895,326.72252302169676,0.5687209541557011
35.52902693862593,0.3666781493106633,28.48864376246502,301.0209063478466,0.5696188577284553
30.49710973213309,0.4178057225247262,34.33824666218028,239.62860498851563,0.6115247763991276
33.79602554820133,0.3580482315325859,24.39342779204611,336.3569867531822,0.4800186252058588
31.960687935323136,0.4013519410295344,37.105230437390574,391.60012025784346,0.553342267779568
34.28802607413119,0.3742582789071586,28.142356532094944,191.75874862089407,0.5627866824905375
29.68529830461916,0.3761435043387618,35.468927413599516,179.68907925602724,0.6565456411974155
38.866298474594224,0.37353121731914873,32.80488000620134,274.0859899720762,0.5219492968477305
39.361460978953204,0.3767643196239903,32.24205784780344,277.5340889986614,0.5235585746708388
46.95878451495743,0.32293790092424945,30.601194184310437,479.11080568824406,0.5172072198357003
32.91217562993945,0.37425329063595164,38.33163296045429,272.459091054525,0.611099596447079
31.839949293987107,0.37976857241495693,36.668391074271135,221.75362900831254,0.5504219710782577
40.01366021887116,0.35817300888201364,25.18233975819413,374.0820005775859,0.5233914826807167
45.196784287969265,0.369107237593432,29.308280135657885,251.43323828018293,0.49992379245810753
48.182307183328454,0.3423353105927975,28.133818022858854,277.7998289808951,0.5774505951566883
40.672946464513196,0.35346549428154955,30.931799423215057,296.72806950106883,0.5764215203108289
31.484739877625962,0.35575966026962447,34.91823647290925,330.31135659977093,0.5677266167503197
42.42760136578119,0.33191637699411747,24.747449495766084,340.8277681294052,0.5677793557802258
36.75159680556164,0.33924546336400313,23.943018357314976,210.24535483675655,0.5904978559772237
39.57691040003458,0.39077417070823395,26.716389741416332,238.15601097534815,0.5287149202943241
39.53259872929625,0.3801164466643876,27.483785552586767,283.78589358153795,0.5906406339180871
39.81057015065974,0.4049642996742157,29.124151663682497,284.4656527528279,0.5589801301497451
23.208586697974713,0.39170475523865705,33.39229678528613,295.8703702470597,0.6112035969583884
27.480478364134264,0.41314106406217826,31.24738639571387,215.50192838120495,0.5267380330409249
29.211109330397107,0.3752250594164532,33.5175945361931,242.00766851483377,0.6110487373563568
33.01141710576399,0.393646474538903,27.87398081450366,302.3277148923068,0.5606526467805704
34.709308768851905,0.3631946181774152,37.91907001675731,184.38303423123455,0.6669746252607012
35.93374059895152,0.3851974223023651,27.799247249332684,317.86916987648397,0.5456374252399343
34.599605444805654,0.3761270988802266,33.815635079867484,215.30670237607094,0.6342859712553657
33.31035407517639,0.3798850826762006,26.494669705048366,333.8155202306201,0.49900941365351725
30.641501950730014,0.40524245786216806,42.47210257406066,200.95755082603148,0.6354647082521513
34.503518068953824,0.38877457669511223,32.3636641167052,245.41759384531323,0.5615990622962447
38.10224725362188,0.35833046834601834,33.12407311317788,230.20770609538508,0.6242067923761889
36.83797377873378,0.3734082686000808,35.0142672459897,263.7349842169126,0.5780105995241653
32.19463626479432,0.3808441965549565,29.04629030023234,218.54845770166102,0.6120375786268514
32.57200848554852,0.38026035388689966,29.461147535753373,206.95512022245973,0.6149272486630791
29.45316274045136,0.3606222313365472,24.48213260674641,245.16044297860267,0.6638854810840341
26.537708505932564,0.3707301397581035,24.9870542085549,246.41701719322518,0.6171816716022364
38.862728152877764,0.4036147519098605,43.001390032419124,199.4609299598963,0.6531190323500775
34.13446734948722,0.348371162951197,40.8811935185412,229.20488567236572,0.6380247487772972
29.627278848758618,0.3940622703432603,22.41458865475066,253.02617720544768,0.5770116184000148
34.04404859240004,0.3838445461946489,24.67669050373998,301.68906669725465,0.6176110936216785
35.845592931405506,0.3855802377196246,30.169435006000295,215.36576479390834,0.6469376080999545
29.83860034358753,0.40164348144832507,35.39500345177105,230.1217267438884,0.6090085697613798
36.0807371299354,0.39143490150550425,31.596640640910344,280.35802070218705,0.5679694986522871
42.483491040996476,0.35628273703010843,33.03971600097193,350.44985725916905,0.5400397345805639
26.889994020293592,0.3862113823620787,29.131051507109042,217.02989808322477,0.6868350356838826
33.73440817377849,0.3781145134121066,32.56051401296158,358.88710610130545,0.4878074633017062
27.201408473537168,0.437052000168972,27.004903971951038,397.21253358268854,0.3838168709089084
28.5927470562665,0.37888854898848257,28.21745524307085,269.0864436814124,0.6382208156708425
29.14878887593171,0.3749376525907186,29.99970618056939,222.6414261397042,0.5797367735966202
37.34158623905663,0.3818552755308456,35.37386949874061,191.13421646297036,0.6176747008111145
46.733243420721934,0.35334919392424846,37.84067431689207,216.44326024551506,0.6337249709320836
24.20087573880296,0.4443007541006345,25.85687507138038,300.14872421676546,0.5250169109152121
36.431538625462885,0.3363081917307927,35.19913284273513,326.2487261240168,0.6060191274211043
41.28170387709969,0.3503159489166876,24.421248762232747,356.3284577388714,0.57037538415039
36.455758792182074,0.34963723807224584,37.57709320222704,236.18498572901714,0.6411822656941798
37.65504998297301,0.3849768893249029,21.133090188948646,399.8021073448115,0.4868546972869406
32.51503890610952,0.3579931754002759,37.545988541996216,280.32702233686217,0.5386752240773239
38.329635820917595,0.3937954009964061,18.867109390447144,288.78339946259086,0.5859204702336277
34.43589129394395,0.4146230275505956,28.721608677875306,282.1778210117069,0.49157821273521096
24.211724928708996,0.41313909433465984,23.17668783481198,453.46579625957816,0.42575036044627007
37.85195331041043,0.35349638720536425,36.29376374870858,235.33640567379084,0.6370908342891983
34.22982578171026,0.3633582281843086,32.24567265624781,240.95728961265266,0.6254717841407403
37.15256952863504,0.3776482526326931,35.78221906738441,233.9967615577413,0.6124223064758133
38.57545168636356,0.3422220419788632,32.44518413526011,177.80184182449153,0.6927859643963791
36.34902392036324,0.3764088412311376,27.53099661513251,195.2730282607732,0.6517548593577129
31.125018153828997,0.39663673291955587,42.106866387534815,166.55193955565016,0.6643496142824246
38.89807178854389,0.3684093421452229,43.80924353487802,323.18944902548895,0.546002612514483
42.13760769374535,0.3855536478111602,43.677660480261046,307.11014905144805,0.5062944149536419
34.43493666831924,0.3846115266136857,43.39995787208813,305.9483328037455,0.5727317077181986
25.77186023218845,0.4138852563970839,39.4285454406675,118.8013763370932,0.71901222680538
30.129504617419293,0.38017732229048934,24.83182730421504,483.3838208538258,0.3825403885890911
36.16941629885154,0.36179613086190154,25.949722499164736,415.0982258044846,0.4747289187548394
41.433610419067676,0.39068337187236674,31.968643476367117,284.17841173491934,0.4884033449120696
41.447640859592504,0.3735584642286968,30.81316026867573,211.5328780879835,0.5982830692978743
29.931398859710242,0.37043184050297906,39.75768005614565,203.21200620538175,0.6635861232984837
41.030200062478265,0.3665597068095701,40.91529378758885,255.324888776782,0.5926729887980776
39.81292714761553,0.3759363102263269,32.05186035959511,224.71845063651105,0.584809361761904
30.380121465978984,0.4250254621034796,34.241845438373154,325.15986517324484,0.5241828168620225
30.640788104513998,0.4024837440876842,28.742083181727757,299.603491892371,0.6037250542476865
25.297206104674494,0.3915089942306914,27.80485444635704,285.7493170409683,0.5435993883745732
40.185097884002595,0.39010555525435286,39.757609615492065,178.77203380856798,0.6319916076613517
27.441573539209617,0.38686356364523283,42.50791726321584,371.0025525875346,0.6016988825883466
24.038404410193504,0.3712553751341864,42.2970358503445,205.7114310892561,0.5739991469656625
35.43473572473469,0.3785090494464398,41.87498702339798,336.96647658518947,0.6382570523138399
35.06345095619011,0.35141989496491755,41.96794427016057,363.85690674553433,0.5912586629452538
38.13608593767992,0.3462832448279869,37.60495081591215,297.7548546918238,0.5475017851721037
33.19321177766136,0.4188115263941705,34.690219579977935,227.39700435167936,0.59839969477221
28.371471661390135,0.3774017619098666,38.939692807041524,220.50572304504269,0.6853428289224704
35.42177719725238,0.400577198405176,40.78743332596355,253.88769783896166,0.5248235907992631
28.889146284698512,0.37893036632899557,37.26683071496311,253.71723001371637,0.6060758927944228
35.53726732601443,0.39533086213850444,26.752597615271544,221.68137124605005,0.6176353402619709
35.979278956291736,0.40678236789646494,26.512040327196985,201.16092845609515,0.5910254822709337
35.759142108228176,0.3864988710376712,26.16960277592292,203.53313065292625,0.5707652364335327
28.112898603319532,0.42266495186646547,33.880416497186125,229.22644114417298,0.6399805550073493
30.307909454532787,0.41073650207150564,34.6691736559945,225.25068456500506,0.6183387988258026
37.02409035874227,0.37279103131423247,39.29726322207073,178.0871131173149,0.6855425928314127
26.647667447743565,0.4439296344836273,31.000164134862384,306.87913415634995,0.5939967187022851
26.327275422135283,0.4302046023364105,32.42336944971121,267.2340774232862,0.5163383156945331
33.029229392042886,0.3865458938258294,32.43884437718622,264.6044631307149,0.6252433399948862
33.05532180327089,0.3553640906481291,33.775557640915835,190.1223809141276,0.6533341735076159
31.279179721589315,0.4208744982642198,39.90982653233519,307.58934355995524,0.5505296089406747
41.067983363397474,0.40828781520534496,22.951392069641507,321.1769083108792,0.48543433319545437
36.18880398630233,0.40103124627516995,25.246833433000944,347.94892428655356,0.5024963855807517
38.37385901089648,0.406865258752991,28.490092490708136,340.857251069743,0.46348698625367707
34.74705156212209,0.34352256649600854,28.13477557064068,313.2710382903684,0.5448482635570472
45.48710960995856,0.3730392208561973,34.187749879602535,246.4796177446065,0.5503445028412194
39.925964869196356,0.37759110255663564,37.22628331708374,249.19822509456972,0.6006042919595816
21.923605686533016,0.410915353558575,35.62872217644482,421.91712648304593,0.5460878645241956
28.192402088325778,0.43178434697313284,20.860747769456285,243.64619876660993,0.4965773265778698
29.508928713275953,0.42872728753505224,36.22085935505848,249.27162230439288,0.5831517890082686
30.44200129907388,0.39045311030548513,35.45378619619956,246.54684659902583,0.6028107641420148
29.71007144737094,0.40270212744973694,34.173097267289236,296.0699432965049,0.6320845162223852
35.69755080913912,0.3804311185959914,36.90413206851332,253.23036495747647,0.49748679766816534
30.44956277520822,0.3948553119675044,38.24091787446754,299.1857335611168,0.6095776990206223
33.863045719141965,0.3688160513605104,24.624008939823995,252.14983573059826,0.5285136868015697
33.552409223340675,0.39219091412985957,34.16354175411626,398.319356718612,0.5475724793029356
30.82116808543253,0.3963374081360646,35.25550789905436,368.94272710370745,0.5158433264835709
30.434559793770195,0.38015714898627334,29.257051399332617,329.1598506155638,0.48596454363975433
31.524302938328017,0.3548508553367973,40.71053766235741,308.0577159312373,0.6503422461065492
30.266699709167387,0.35129424518884694,40.879397750342385,315.6915857275354,0.6636469548788294
34.1483992835945,0.36075717358904436,39.81085482649383,290.45249477027244,0.6184699692265186
35.26794083474593,0.3800258921579913,40.08414633269589,292.6204814100161,0.5169913909130845
30.207843786352363,0.39951544739826444,24.728834119653392,211.21274684484197,0.6030990900891264
32.44974086012995,0.4172946882196659,37.458737126252906,151.62727518102713,0.6776494453571233
34.78894683826837,0.3755476480224023,28.706049381330736,481.2629536214452,0.41468511970544464
38.394237442023105,0.3827722562579587,31.1036617952315,325.69365117364424,0.6083670308341587
33.98372401277481,0.3467873970975467,30.436054765390626,290.96608759130413,0.5928550389641037
39.74187414065317,0.40354425440401126,37.41661037725626,353.5818358505646,0.4523865452318418
31.87202950685197,0.42100645802313286,30.80052005427591,156.33921827724586,0.6450525146242633
34.88869806763352,0.3906965054545745,34.632451586312975,346.9162882252191,0.4730500644437179
24.604234269155473,0.4326106775198101,32.82892545780737,199.55449099589478,0.6560658690016989
31.400019201240237,0.4072782853602862,35.748998370498754,239.28554209640632,0.5574358438741649
25.58936404230998,0.3880012398981573,40.09873865627071,319.40180764584335,0.5729008853284746
33.30327337082693,0.41337114748431475,41.289523444283134,396.65627962346883,0.45161756305970746
37.03919061214227,0.3903413510741886,37.83383467297207,164.9687909965786,0.680813916909628
29.94215893303671,0.37704411052326287,26.127629833157712,332.58715407455423,0.5806235305678917
34.69449056792,0.36079613507591907,27.284387481846768,325.11991718645294,0.5655393813270854
25.67254078712467,0.4257471448176066,33.201930627833754,186.09816838380067,0.5545975232054599
39.53389494819775,0.3589590842732797,32.268845479129595,275.03227986491726,0.5509501340377163
28.05023517841436,0.4289140697297582,40.631167110376055,275.57489364458945,0.5907796096765578
27.866103378488802,0.4245982108382993,39.63629583640825,241.40406689637354,0.5770472948487728
30.504998492847786,0.40049540578633597,29.959925507562975,388.6085228969472,0.4427063794131632
32.02498649870766,0.38237086466906534,24.855297431768456,443.735548754086,0.35388405918685256
32.104368105653236,0.3907793948451693,29.684990536531522,386.5587296418976,0.48577572628540616
38.25249774050981,0.3461394314734302,25.4193712616931,335.36725451290243,0.5932994613718432
34.67134499239541,0.3545452722836133,22.037382674734463,388.9089463932925,0.551283826259604
27.119279454474817,0.3779481457506784,35.735229290034155,411.30048848776966,0.5405233434778807
30.150303653768063,0.444423199070963,27.486419613217,280.4473810255655,0.4927170910559109
28.61631097668826,0.3999821920395949,27.04275142574342,347.7560867637929,0.48307549625623447
32.62476027166232,0.3426680277875635,30.512092171817272,313.6260102008271,0.5227153504285021
32.55484459449629,0.38095493935778313,28.09633972444839,453.64310070967707,0.525395236780659
28.02026737522991,0.3871499356879774,38.2151137801004,356.3654923654508,0.5160909809741094
38.16459372027257,0.3700782108120844,29.808106178383888,255.5849892838124,0.5560120519487258
36.02697252515719,0.3960317348150303,26.189843185207174,233.96658740701633,0.5023789926993951
33.09321024136575,0.3958274545899402,25.585380104397643,284.1369800564921,0.5741626245456135
35.06835371851323,0.3832281355391365,25.219617054964147,203.85012363336259,0.6272744802957417
34.687323047012896,0.3808337555733749,24.340044183551342,187.48915283267695,0.6448019913986047
22.856925577858757,0.4388339547451902,38.81578313148605,383.1595280507084,0.42131185023387085
34.40534202050922,0.3993544458139369,39.19367054869984,282.6473176010424,0.545566028758992
37.26941781718307,0.41221594221482966,27.43419371343876,299.79453138528237,0.46371624837881953
24.42383891440209,0.38394728509512216,34.679903076640144,244.7420149516116,0.6473353023379498
30.62752474486507,0.40398027179888885,35.14469278738921,195.04824462798217,0.6337717297786795
24.908413743010886,0.42697489798135785,33.972423834733924,169.15231262393075,0.6081318734179567
32.57748359050762,0.3648426906846567,42.96908401650056,270.2319221265545,0.529782781355421
29.465989859018723,0.36399566901082253,43.49942888215442,263.41448985128886,0.5720036405353849
42.4949157747626,0.35535720996886,41.56780439236789,326.13219953529926,0.5859429448677124
30.598976292594976,0.41179988876572204,27.976462934430746,292.5533166599479,0.5244942470393553
37.691044694211165,0.3746860962484647,31.26887326271447,252.63819833005272,0.5861064528706509
27.40021125766175,0.36516297963200606,30.314364387702724,268.236244510587,0.6324103784840946
34.69920468752188,0.41099036004286277,31.21098405503361,430.91450259035497,0.3353815009472236
31.835868923777014,0.3806178207594664,33.51866721012359,416.77855005497645,0.3973266286353923
26.892946618020865,0.3550249894687128,34.587717092033934,524.5168723514478,0.5316286841249154
43.856712623524544,0.3875008325336267,31.748435719910976,279.8548649319198,0.6001929051689316
33.88107611242777,0.35570560880851226,32.67414413703535,266.656679937994,0.5117846733202401
28.022702729357167,0.38253412260708697,37.12670475977758,263.2108609257069,0.7053338127154094
37.971551333642374,0.4008413700468264,40.08290785585627,183.08939126132677,0.570439382846605
32.86627167011741,0.34611678377771,31.803791192041484,378.55389737319007,0.6026953019386815
27.202823942153334,0.4523975698500397,30.037279414115474,253.54010410310596,0.5404856576243915
25.436137508351408,0.4164709724941421,34.63995365690868,226.80464532019192,0.5765682752555366
44.75188156829358,0.3538138144208488,35.6671647949166,296.8453289992541,0.5494657094975562
26.068147048219746,0.39855331892590756,27.420126152773665,225.97517633112605,0.6369844556541616
35.4862566695168,0.3973321568590295,35.756232364628595,191.81649636924254,0.5676247082372438
33.43097158889678,0.35578297676253773,27.892481975694956,262.3993053663434,0.5961190869432023
28.901147180964866,0.42943419218870144,36.60102174989405,185.50173142748648,0.5812576317982481
39.40959510307045,0.33232601818655566,23.144885036619936,501.934947895816,0.49657364159826684
45.10334542351199,0.37002710960866786,33.878504169261625,264.6526431096069,0.5084223109559747
30.996584164127675,0.3596824238505813,28.714243832538838,321.8053836860827,0.6481781276233809
30.467504078325604,0.37428762330636167,33.2121757091433,273.2403470097328,0.5991749448961715
28.223985501062074,0.38506156576429784,33.45991798711483,285.1134564809346,0.615980343927142
29.43534742715639,0.388072694972955,34.198237827820016,277.95276798465954,0.6382494034306687
30.170105236037077,0.41169366374476846,24.377051906682937,462.2235343750025,0.424620568012454
38.81929269016548,0.3642193736732415,31.836977160336133,157.69355886900928,0.6441094729213592
27.272622423760748,0.41714534265941616,33.00548577134391,296.7866736187919,0.46813706246983017
30.05583501050005,0.42019857890933954,33.66647617522536,300.4953311332738,0.5310884982119842
31.372796222230487,0.3738660874653429,34.625729634976715,320.47443814208356,0.5657642642292849
30.580177839954942,0.43674288014257984,33.809994543726674,244.93953569386892,0.5397817772657042
27.899939755854067,0.3502343384444784,28.529919938643367,328.5732736615899,0.5982346206603715
40.49669274487178,0.3749959935294046,41.35901604985616,213.32263265998313,0.6202021053573898
28.584533134731426,0.37227633797369236,37.67587104652981,374.7535099679034,0.5500445384787872
33.262315560344454,0.3903358501748828,31.21485374555146,212.63166498306737,0.5980578022969482
35.267316594507534,0.39904215301393503,27.46258034259404,352.3405796961523,0.5774822395482492
39.50245591916874,0.4024568079208485,29.34785392264173,292.45461813530125,0.54929807602734
39.576385978183275,0.39525614238884627,31.55859649187146,245.30983556907137,0.6144052716111746
36.11750428130922,0.3378564499387808,36.74779194531468,243.77688619224506,0.5205979075456804
49.68202784723876,0.3586982083838187,37.41001645370281,307.1932297214918,0.6420547214346429
28.032420400531603,0.3904495193069626,26.03939517769847,454.21082292425785,0.589162066623696
24.52195810736709,0.38557301998856514,24.326293978476812,319.8472708150464,0.5725506080758338
26.113915045895318,0.38905699366050156,24.45467898488112,245.93720978670228,0.5793202899732627
41.14184640208036,0.36972031058674165,38.59202842101281,239.46582494207306,0.5757306076850425
32.49476161684599,0.3769391815667628,33.56074116914004,434.30871778873086,0.4008022288664637
27.46534955962882,0.4104989195179903,33.523032577337005,277.900087587018,0.48495801053669635
24.921559470428367,0.4160001121128862,26.278247913962762,254.50964438586902,0.5678279347988884
25.856579972246823,0.4157383362139905,31.134013037531375,207.8303612419838,0.5982068346203933
27.245168690476383,0.42969340078128504,34.358390171042466,282.0195150161119,0.5020079046994662
27.245168690476383,0.42969340078128504,34.358390171042466,282.0195150161119,0.5020079046994662
30.12247285788376,0.3804083201665325,27.408451458695772,357.1018041356437,0.508957191258397
32.01365493335253,0.40467410893303135,34.69243174139513,200.7285216287561,0.6794022388188976
33.62429125773633,0.3816742654039991,38.259931512399994,187.12783028741595,0.6225051575191506
31.11681563485286,0.3864922471424224,26.575896023526955,329.42584720694003,0.5125783335278287
30.229485989231506,0.4035326201584677,38.41189590699023,234.81429822554864,0.5820484096999285
35.89984530810033,0.35822021737803944,31.699166804306735,328.0881093210558,0.5800203680057514
35.009164687149394,0.3599363732541126,36.45212121853078,332.12425963844584,0.5158077570007743
33.12350503680217,0.36610012503325623,37.474593692125474,297.17258287898517,0.5501958173830402
33.43162736891253,0.3789501441769942,23.44307426140668,344.36902901208583,0.5228292222421163
29.399119472940463,0.42198017263519594,34.50387784733675,311.23515700649347,0.5393583876932783
38.05443170492168,0.34294004922209476,27.739664969339373,340.2250736172558,0.5853274301126052
41.29460736046218,0.36325908808342394,32.959096140243126,297.80672736234806,0.5403353879248594
42.70808991800113,0.3662624128603323,28.490218904985333,302.81071433882175,0.5216281854883313
32.817766850076744,0.3850809008063678,39.44222284407313,232.95104402258346,0.6047536602965048
37.065976462881714,0.39158732876365204,30.155063010802984,255.04646658215518,0.534900076115978
37.049624811913326,0.3616190518918439,39.92464660157489,335.5938420087247,0.5225808567986799
39.709255022035755,0.35172267861037093,33.97761324414346,319.114808027426,0.5595226513991326
44.17868840249626,0.3371629310719519,35.220217214495904,141.8561395530877,0.7102652228630545
34.88778377452345,0.3922515279777122,31.466231121423878,187.88159840068653,0.6527104171452129
35.525051609842414,0.37089712286247806,29.42309589974381,440.3191927987679,0.5361652829615593
34.68800123676957,0.36347969251281786,30.424725004694263,340.9411657847107,0.4560077211987103
33.13204458983663,0.3542932921822534,22.756561573901806,412.53116486345687,0.5513759482131998
34.4922965497369,0.38147747491288736,32.036506970366666,343.95820832485344,0.5184245896069426
30.6063913277253,0.4011047820991365,28.456687851950104,314.8988911075351,0.5629365984985812
39.709048883863915,0.34279584309315164,31.3745654618042,282.92546138701425,0.6488773707706842
47.76904174931703,0.33797322651668654,32.846969934624376,287.1220237086588,0.6306552584647607
49.82138959024191,0.3187050068227354,25.665048742607866,260.26022554128764,0.5845075420496822
51.53194835889722,0.3164748499847313,38.452706320040676,447.7931830976298,0.5182997698799295
48.71990388664099,0.3239030508658936,38.94532404622777,399.94628522010896,0.5318344692715644
48.845268632956625,0.3507636541478326,21.37381330146747,238.33437708087897,0.5655062778584524
48.05275730469276,0.34127575544106575,26.131998946798404,186.34962589277933,0.6421752460808076
24.89565707096376,0.411226892960496,35.39107615639374,331.73861210891783,0.5591714266004417
30.115590122611593,0.42184363862544066,30.239280457357026,266.1965692309931,0.5015111064787457
34.02335327081364,0.37003463252782626,43.40784073277128,436.20129304701373,0.4087941116237614
33.92833158904942,0.3761572122720852,43.46591568840665,409.7352065454801,0.36807472370179073
35.30482439179989,0.36893811524169373,21.657774426065753,266.60087121170176,0.6216553401719342
36.88572936473591,0.36149615734434615,32.19210333926748,250.91263601671923,0.5436519491144922
33.509389492893455,0.39777148644240784,33.50032311171187,326.1933209248148,0.5600421889479218
31.495631842318055,0.4029737484212957,27.55861812920285,173.8243388754148,0.6960102949322722
39.54027424598771,0.350990311778012,20.729804568294096,330.4456624545044,0.4627174116140659
38.162322489318186,0.3643555301392704,39.080884531692135,228.12589588458397,0.5928013914986491
36.84962720723723,0.36848355980917824,37.8996849027012,280.10273759682013,0.6360186899431421
31.408393862890374,0.3736625305040749,34.42768550789212,243.8991007885754,0.5735351972751181
31.21737952310177,0.3920009385815573,33.39140934952736,338.04278886402966,0.5750171128403002
31.875780183690225,0.38069722621026203,17.733545415769587,231.8368166412013,0.5933938255181116
32.07200376295669,0.40649155582569496,21.575584800623023,204.00176822389437,0.5650115886662472
30.790453327258252,0.3551975774756746,41.80597559250268,252.75732584479667,0.6023898093308399
28.37734275665038,0.38180430218491185,41.80303458531739,284.07350682680067,0.6168921650698662
30.05531741481974,0.37435374707772845,42.36050388561029,360.2805056875066,0.6021397231597327
30.499205196580064,0.42959015187660804,31.5851980818373,231.6801358778338,0.5229367693540778
30.10172979945037,0.3672388447902983,36.227659306601666,438.44944550282275,0.5111662715848243
32.82726443073833,0.4180681138698208,29.377444328826282,349.42929461754363,0.44863301551707513
32.29488655338429,0.347773997984773,31.341380363774327,262.4671372766766,0.6183256832078804
33.09877944929044,0.44000866481318596,31.091724593989817,283.6429408335983,0.41253862075523656
30.13584243162545,0.44565483260071276,29.313992454890798,315.9620359760347,0.4418488757050773
41.51287933259153,0.35569013006176986,35.13009276242105,197.23921647212828,0.6307176097102638
46.33922635215054,0.3626067729494485,32.6099472502963,180.46625872673715,0.6899814542746864
33.148653220689226,0.3657114495722627,25.346887345044287,268.78784294854245,0.5374487110079179
32.258696391159205,0.39792971146833167,34.65182595405866,277.7469432331123,0.529377596438509
30.923578143221295,0.37609212806763265,28.458724203656566,231.45478913456716,0.5906967151412038
30.126772327314566,0.4253547273892513,25.048937699799023,248.1202331444303,0.607690583142679
37.44046168514417,0.41033686467688385,27.953871420576633,247.08974486684414,0.5232898137213935
26.264541896029346,0.37732380044856084,34.0749280365639,271.8934355403554,0.6021298824313165
26.1070824675882,0.46642078568280426,30.616990312259876,170.44581878796694,0.5535979320915296
30.117923792055418,0.41454633496450727,36.883085087817406,208.37339018254136,0.6436663588873134
28.467840382781315,0.40043346339106145,26.73050375517478,293.7638678828181,0.5261917042123521
30.849039852794128,0.4114119116994973,35.51934962169936,365.38977880434555,0.4545256658217473
30.254729267711074,0.3908611706636096,28.320501765944734,292.1600666747079,0.5793646154200696
26.805539187178645,0.3885094982215702,25.724854791705052,277.4163791001308,0.6089825801962939
26.24994640115027,0.40164869026095695,33.716780894602536,224.99379779047771,0.5893905892313183
35.53863048216106,0.3641301359286632,26.278720849981124,453.43333658846245,0.5043070413964039
38.4306545714102,0.3450183915260967,35.29244761071839,369.8628408994867,0.4558603881848851
37.34862716463055,0.3724516221238568,24.32918901146298,192.90240195207008,0.5958040108259793
35.8431219282155,0.37546268160883445,26.183713129986945,210.25821257228986,0.6879905644312809
37.396990746257586,0.373015005568568,31.709802262793787,177.82595575559665,0.6150306282286853
31.70503875063241,0.3663451850547328,34.681277214363824,418.55045979783847,0.4632962045846737
30.806514335624684,0.38663349618368076,44.10562879807174,360.79167423844467,0.48991384798443427
29.807334723257902,0.3889497134551131,43.981522325671,301.001587536552,0.5039875594598827
40.15941291704478,0.3748979278223864,23.903894547245145,192.19293511522363,0.6525284267339158
42.52597798605857,0.3777894502366841,35.53737684472057,125.0768786056067,0.6668557677852446
43.6267914181522,0.3808915042369432,37.00212038046125,122.12787429896096,0.6038461479112421
34.04503327021524,0.41104613795040645,31.52123493935737,212.23163185587126,0.6765299503389884
32.261648008034264,0.40765565358240424,31.00876829608253,259.18165958789814,0.5944497227560607
29.704217160184836,0.3786324860265026,37.96496688356891,390.6699239491896,0.4547261669048527
31.01484295482299,0.394911216099788,21.592642951582686,212.7099968137301,0.5782435399220693
27.95228017732696,0.4160739293905679,36.38743832261134,584.6196207321767,0.39357438156192703
36.31539456433855,0.3688132938067205,19.287786842828012,402.4242293432164,0.4208717271455426
31.35818256533205,0.41509593274909545,41.93646092702971,134.97354223239003,0.6521517954890866
27.546955972573343,0.39068279960525304,29.85140394612484,385.346882322582,0.5289776147013915
37.41385430399763,0.3721188868030466,34.29622539903249,191.39668983402035,0.6723291692404403
33.87287063901706,0.38191702815863504,27.87675723589773,394.13573583996566,0.49658153778325287
31.893607273543157,0.3787544662292137,24.410137168645285,390.9111456489955,0.48988396493644004
36.83819148572999,0.39446469840631115,30.973801851909577,407.66256371650246,0.3772447110274959
36.86988807357807,0.384109660009779,26.58831890516934,484.4249241161429,0.4469433193740098
29.482505623404275,0.37082561506149603,32.15849452252606,439.4843822402675,0.3651908575651382
24.33438024549868,0.43302049612438764,18.499808123795514,545.1437104324866,0.3767520269248105
27.953072909733017,0.42295329382968916,37.05841772041789,289.384463875573,0.49415058173824433
31.761481468269523,0.42297848816728334,32.80106037558686,261.3498834886261,0.47724755743106606
27.681659501200297,0.4190135989513438,35.11097143588236,256.15589580123213,0.43982224856923774
32.30663375167599,0.39492043841191393,34.838743019505806,455.1192600123419,0.5219516069589609
31.421219173575384,0.3907956111365459,23.235151468458525,270.4136293180612,0.4969526709926803
39.07895512760612,0.38140160214188845,32.46187743497484,253.69682568838888,0.6304318828489446
37.21983739720585,0.3805941314127297,32.434271360619114,228.5173171993128,0.6032734139135292
31.63759691430942,0.380668603194525,28.488789030138985,369.1138984007112,0.5292348325684063
35.79759665054308,0.37692692283568363,35.0349516228401,205.72597520727535,0.621244972063938
31.37655773705756,0.3563978701792556,28.295938687609368,199.19407744025676,0.6949121682725363
33.185699329410646,0.36110921338387464,30.21138988565242,197.1425770045118,0.6463779512992639
39.62601354297733,0.37454215348733016,31.1322725912456,231.894813406426,0.6687531147894331
38.17805628914394,0.34642450677405573,39.846364749284,197.5799853132469,0.6086000040882226
25.1467631371875,0.4113841356352378,19.895704328474302,344.95056143792726,0.41621947591311015
37.07059427364807,0.37150719669551885,31.109254178463964,486.90780950891815,0.46050335359864597
39.44550397781674,0.3651746245732116,36.93889206260019,217.76541459583908,0.653279235835465
37.7117935412308,0.3608779512048209,34.22870919955878,208.2293591526379,0.6823816304721735
36.151587781803265,0.3562521412109939,36.26679664521314,155.22999844600494,0.6792473379115153
38.43686504155865,0.3578063294511672,34.57063424679373,183.4356949929605,0.7006047989722247
26.341473130924133,0.37837170573897666,26.83884843745226,362.13846104923635,0.4929387249064798
24.67959469939119,0.42975255524657135,27.92735306143835,339.9102125319763,0.46622760928963525
39.29699904657157,0.3723776544791633,27.717986091805777,422.8326964986957,0.5012993543765315
43.14590955714954,0.33148557813672624,38.775827791513386,244.43498640214372,0.6914520685610506
26.76127632591177,0.3947816837202303,24.59501171875973,362.2415280335547,0.47547613259993304
38.23946215810578,0.38770214594475694,29.558179837954373,294.66880989215025,0.552558114827884
29.43605587537637,0.41151643858434606,37.01078613466588,192.42945130102888,0.661935888196329
35.05883754605598,0.3784736650902325,38.8331157254899,228.85786793574488,0.5820435305424109
29.448362028297126,0.40064267754931265,37.354703094863694,308.3720205902695,0.5728470007073856
37.288709756238624,0.3711532235585855,28.712378844498755,234.59938880224226,0.62516642766493
30.495473357977914,0.4238921601588039,35.35988933414381,275.4245436149621,0.5463457126031515
29.810236644339952,0.3917971855675256,28.19834937522069,225.39916154375868,0.6527906238841723
30.872121372927335,0.39415284377446735,33.64227105697476,333.9260397396769,0.49305093183701443
34.17864750719,0.3681501591300082,26.5017036719816,317.3460272998963,0.5208477935045831
28.22779610250387,0.4004475013948462,30.78707015774566,360.57279759004973,0.47019352229195055
32.72146322435811,0.3979474297966855,27.103321235252068,307.9978337066567,0.5376380061533313
36.23320350708773,0.3674591180834786,32.476416651039386,274.10381200582185,0.5652548263387548
35.0000597052648,0.40613796748073333,32.8538133412749,241.76065339097815,0.5458931674655265
32.041969662402686,0.3299776862053271,36.3177866953758,336.9102563971854,0.6264934385949792
35.10545653467334,0.4106798966161895,22.5104426548096,294.3807947440241,0.540209084833889
31.749993874727686,0.3997148454403646,40.07203843439103,225.57067029967456,0.6216323594338119
29.981219399626486,0.41342377588981266,35.48893514184046,238.92600020490565,0.6333316526926518
36.88493603100845,0.38707573451740696,33.25632604505738,243.3606921624775,0.6371563483692106
37.18044346800153,0.371892959544615,28.01749791009138,232.20057787426344,0.6470378497973012
34.83768957397807,0.38190643755408715,35.75293011005244,184.80480446467607,0.6538739503433281
35.23612534591771,0.37547109855395927,33.345061155465814,169.83332617521594,0.6786472862550854
44.02414173942053,0.3695732587947223,30.9563160022729,294.6337936654109,0.5227268875884415
32.24732828230935,0.3354157031353847,39.24471850031717,193.5712467149997,0.626297161952097
29.52419778485528,0.3776227726618916,40.702201783422645,260.1153239880121,0.6459676611253042
29.949954093675103,0.36726497312850914,37.489445087279016,310.99490059879963,0.6295032016561483
36.660423228834006,0.37426278318204703,36.37352254630322,346.7349116449025,0.6079782107683884
35.11634387316469,0.3625731748572132,34.919945394153736,269.56546505276054,0.5452422960961653
42.250713278666204,0.3772577053280574,34.25525017690666,196.056852425316,0.6474582893043299
26.896883317696194,0.4054199407130603,31.139529397481283,306.3634945497742,0.5345891809675402
32.55217612688564,0.40604984819012224,35.82080833290386,260.109561177426,0.5619544962181745
34.9356008331798,0.3517206541160301,25.211515459470267,441.9316590816189,0.4977532566492655
32.98814441876671,0.38266210541438495,36.48857437354865,340.46294556798114,0.4039291978633706
29.007027780622714,0.38674394553996,28.87727894225451,401.4741473383732,0.43630762301922343
29.249051089500483,0.3894838256081988,29.783113785363234,412.1364036418042,0.4406979242116409
35.81568040614563,0.3909155528139646,33.12165083205315,197.85551336747562,0.5950822718861437
27.14718010412249,0.43873568463405993,37.58580129843959,248.2632436219686,0.5337003735526409
39.103348358149525,0.34857263293027185,33.754093211259594,234.7595005083295,0.6298026780098991
30.264029927504453,0.4209474590116556,42.816130340885145,334.33988523706483,0.44498985941270325
32.319509064204624,0.36967178509478965,22.73016942648066,267.78600656372623,0.5979545146888655
30.55719758409329,0.3808705733197765,27.446608484872428,317.3251786770909,0.5805640248589741
36.72578672230681,0.39304199678415797,35.80836682646876,246.63292583313947,0.6240910985759791
37.68914128367881,0.3774988433077831,34.30247113346168,199.70825814345736,0.5769482658745256
30.322364402412965,0.3927334592974502,40.70996909290848,272.9192325353447,0.6128340580197968
33.02234247150639,0.381257921323752,40.97137020284513,253.97082370958742,0.5771898931451966
32.85620956246329,0.38673154926608516,38.201170130997994,265.00692997911204,0.6068986945282367
26.375339495725008,0.40396449143788193,37.763920956088285,212.2518965807194,0.6292634134781347
38.5247125998073,0.39681898956486217,23.4054279197336,228.46964276611115,0.5890806028096965
26.887571156800984,0.4171721364437188,31.872123106931973,286.2324201418709,0.5587719022663357
37.152861485780804,0.39337942709553086,33.618262388772585,189.64562149380174,0.618558652064476
33.50107781638583,0.3857725970677728,31.937773462428037,198.8576327661756,0.6506732410643961
23.447966445580345,0.42216709380838646,42.84881013350819,331.55632003700987,0.5835441661983007
47.130152721909155,0.3825347985285562,22.129147557370047,175.12458673207826,0.6582652788850493
26.114610566725066,0.3862140312912202,40.508676779646585,254.1818400246387,0.6373434524809767
44.094804360333185,0.3759656924310832,30.852238070024004,258.15435862672206,0.5776436621146123
38.58824641336426,0.36833208494036535,35.85831101166046,252.0104762172309,0.6010211752417439
40.10821029871407,0.34700244508847655,36.01154550834103,268.5444903101803,0.6303786846553907
26.016384787504258,0.4215222151531389,31.79092223176767,278.27362528237967,0.5804607654292784
26.920359486356638,0.4193831136789971,31.74854051297441,236.82063503828815,0.5563701060103085
39.22091038117375,0.35977784280839903,35.62352569457531,342.1055274834955,0.5707714889932329
28.659705317657618,0.36486273668415287,23.312804676054323,477.7770087868234,0.4161150184320353
35.534765216202494,0.3985620589188774,25.772394268134832,436.40095527613295,0.4103850761778921
32.42681015925332,0.390541392104014,38.052601681745486,354.0477411029935,0.5324808169977834
39.03314003254079,0.35506964336456825,24.81036069285638,213.14531152903163,0.6230067762281253
38.63670415594139,0.36703788806927184,25.03238042133214,254.63254711770688,0.6027242765633287
42.50394209193608,0.3865711979208334,37.671060647132805,208.83193317477193,0.5919358281639928
31.724641831954138,0.35561393544040865,31.297270088672562,275.00446965695517,0.6134197146527551
27.68200511997476,0.4181223890477971,31.848991784409822,219.16658750604125,0.6200413317069254
35.75907039887006,0.36006199007981726,30.67302044603974,284.08376397003065,0.6201638589890132
35.21255593686427,0.378291724686752,28.718166669574565,333.2490197645656,0.43162218898871013
35.323990139800635,0.3979538930125432,27.773724122757972,408.60932483236314,0.4672433249961685
30.135440422654916,0.3817929766959935,18.455595968153084,411.7453663109516,0.4695365921456218
31.147679089747626,0.3839885888651857,19.251864714824976,406.2375358501878,0.4668366218490596
33.32678349159278,0.35288209911700824,42.62814095286795,250.1246561115356,0.6663408180600265
36.85683297947063,0.39173182745613067,42.24096710347179,221.22877339937762,0.5254251011432282
38.60005258574031,0.3933430612916711,40.04182202078608,202.77763801274105,0.5697816560849404
34.361185617747005,0.39568467373119554,31.911514245689528,304.8294382950997,0.5122540003935874
32.2508508115871,0.3956044484888211,27.670500000246932,293.3340484850993,0.5034189191190988
32.985890753295806,0.3757320783225354,32.12892473571327,275.06057912285115,0.5833029759700836
31.281014034988637,0.38606728158458414,30.771066768012297,334.1067743035336,0.5395363825742282
33.9208749461401,0.38738268196509734,36.1258845056813,178.64040518163534,0.6568964543551358
30.697986577736224,0.39813776270727613,35.77908022422743,466.6062635455882,0.4832877039170798
31.336759680544606,0.3622877965668779,36.95771718177615,268.65058067123897,0.5346696294364075
40.7439856195555,0.37098412745537745,30.355516843190653,268.1801054681416,0.6439375759689666
32.963315082718076,0.389837104076573,35.59834671572831,278.2093790540949,0.5736445475570376
37.51871593006853,0.3529862145416226,30.888864365773014,193.18918305734647,0.6071385244250146
37.46016417484009,0.3964566107271828,34.90270946537255,264.6382813057394,0.6193590509924357
33.31581614548051,0.37041164585283626,26.817688081940474,277.31923751288514,0.48256325306423814
30.40080263341797,0.37975520081847675,31.48293587543852,237.07027671817505,0.5215988053416285
32.92954069792206,0.40946781315643643,32.136409345332616,266.5398356865957,0.6271723956144973
33.998525345890585,0.41339870713133564,36.431193405970845,270.9880157404608,0.5411622242546469
37.57055849836786,0.37495236132456394,28.513552407223056,339.86849428642137,0.5162220450378723
39.54783940778969,0.36337834244418526,29.80594807828163,487.93281891187127,0.37996117509163574
40.61890633337906,0.34564520016699635,29.459227692315736,454.6141288982159,0.36402300589809056
25.626943208285862,0.4079747214459151,25.698548315276277,354.25411411569365,0.5795806346863916
23.463287248588657,0.41901852909683596,29.184340433654672,430.0669048276821,0.513321721499461
41.24029833107967,0.3190029088642367,32.34342004414685,356.8545012367046,0.6863351771538098
37.544822830277155,0.3640072099196059,24.732733566558395,169.81102209192275,0.5591690988447577
37.38027067336903,0.3660886462971351,28.420259704416996,236.6647513879737,0.6106217276492653
33.154667726821074,0.3789135163645555,32.21289580000212,290.59069850777973,0.5659890500298161
30.799507133564987,0.3797837088256116,34.26004336074032,316.9328005279878,0.6202976939483663
29.46131327880473,0.3772835668146664,32.873757897692286,229.56233353537647,0.620156350335146
28.012010268814564,0.3846352154659325,32.76984753359738,210.89270385417228,0.651938165928326
34.6914120356675,0.4126711436476121,32.1989131771465,251.98373656818012,0.504408555507584
36.94162569284941,0.3973796037181589,27.500881495807107,267.57058858907425,0.5905539301521899
34.32554173398514,0.38148358642026553,29.825369251721785,146.7146980803485,0.6084677373217123
31.745049417862436,0.3673226125212369,33.96496331688255,340.7612762857268,0.4138820010906666
35.5717053216091,0.36776772219872,32.832566638679424,212.1263817512103,0.6287621974702693
44.293014877078036,0.3567678435238023,30.830299346018645,196.24934860021162,0.6475139564322513
44.112244350579665,0.33910972559041763,31.38777251696254,166.6524510770507,0.5888309692802862
21.641043453387724,0.43989609574734534,31.290809115672428,287.8736130857404,0.5618820868366159
37.46300469799167,0.3727027082376806,38.357031626528574,211.46078608334057,0.5776770501838571
33.26577732781567,0.3846553728674409,26.56682938714448,266.926190440335,0.5139891977523091
35.37040758634013,0.37511462099859494,35.50301234191374,368.45517683888846,0.5210145636460362
26.798935640674163,0.3899905762894834,32.4091703417786,345.69128132289006,0.4953521829318337
32.47559309769817,0.38738714726113815,26.428840016746616,293.7080697210276,0.562799578562863
40.96012172674107,0.35128398712878905,27.88426999108975,348.3589283123748,0.524990504885992
27.472919523284375,0.42228623703949164,27.29676492621614,426.7268066529389,0.4099342803511762
24.81087566384694,0.41819267395429116,26.461227481815918,448.14284086331526,0.4084752520927155
30.588540855388903,0.4284052572599799,19.451814483260073,390.5413924692218,0.40251864159733414
31.594551432289716,0.37318633956241504,38.31760831510886,397.56820409504417,0.46885007968106507
38.58607597217258,0.3684527156470367,29.04774685883102,289.3174472651157,0.5733521823616773
28.973963645938348,0.42417645643548557,30.063710601334606,210.10550309657154,0.5763542602070912
28.973963645938348,0.42417645643548557,30.063710601334606,210.10550309657154,0.5763542602070912
33.1703066525072,0.3602967910142178,30.278843440466417,361.2222626050805,0.5011852180266998
29.75100654841204,0.38238356035011356,35.28648898994209,200.10553236509327,0.6177264592354544
29.273493895453907,0.3811060519878835,35.646059432819136,201.6368635703925,0.6683165662090189
33.25057149346308,0.4064574469839175,28.694588609385384,282.4386860871124,0.5220606090374024
27.56979354517287,0.3778528756654919,37.41143843822212,208.42732981381607,0.6935161434318176
31.601726157082872,0.422846249261684,25.94650925007192,258.2181930740539,0.46112156064754534
35.73351933288762,0.35905066983613476,40.0794622886376,279.6351389717824,0.513469697042428
37.13173552133003,0.37697756484780276,41.33331987236533,304.98218920903633,0.5479658686176778
40.82551942571973,0.3514110882360313,37.444056336142715,216.2872826055532,0.6762599218762178
25.620931200537722,0.41333203314756206,31.99066383850565,368.40810753624964,0.44784940324564576
38.05804335975103,0.3840262516916893,30.68518958870026,265.3918566158439,0.5289767801424551
42.234864647174845,0.3835230893704703,35.0621964899145,212.4692470306269,0.553271302955275
45.520203907768135,0.39568045579496286,23.861657853265726,222.77713859711625,0.6101878909967157
40.67898214938191,0.384622581476365,23.637515998582142,164.57875257337483,0.5483023126618544
42.3458239710579,0.3778877014660673,22.41468768173441,160.62152658736832,0.5413928174550348
24.51321687165353,0.3424920067287247,42.09512766685709,227.2684199501027,0.5905410198971985
27.457194103962568,0.36432185530485356,41.02136599225269,306.5797835349596,0.6153020552585775
31.16944251174943,0.4545982461062316,32.499031094583046,207.09359372090117,0.5627502880405818
24.33369241305831,0.3779103729019285,30.22050851132753,351.5149799481129,0.5457085285617683
28.56325310374969,0.4146203800190249,29.933114583418703,317.3645751860097,0.5177622261693673
38.4417374948871,0.3726478751741091,28.170944275611873,355.4822948575143,0.5722702393695629
31.728310759451333,0.3455285568074865,20.53081660347144,293.0912157879077,0.46549327030591886
40.50340142866197,0.3622162317658739,39.05819643318188,375.2758553066243,0.6132702016670818
32.360944567869154,0.41265309638192554,28.444092285900997,330.6068404141781,0.511164569819134
28.342223895690722,0.4148708091879633,26.058152847100015,250.65742304414346,0.5242167362356517
28.515091871963595,0.3796433026757038,32.356516434282284,459.3769450874292,0.5252164285483389
30.51969430881445,0.36690804711327746,25.331796944795514,335.47379851101664,0.5702983058983501
43.143895781331274,0.3591546955055482,23.826696410172083,202.2405013377992,0.6285824485459865
31.763939743806763,0.3724752310642906,35.86398054318089,393.08970184293054,0.464072073769195
29.654013617187452,0.4086440986134149,28.36585610549442,318.2861632853441,0.6266339830093979
32.96186324428172,0.3943279859729228,39.08974876631643,211.44825565305712,0.6923860752646693
29.637040752922207,0.3812263570496193,37.89238630863217,330.5259291671911,0.48357718429616137
29.489834247635212,0.38643957808217894,33.89841929326969,273.37135194657577,0.4968886772781624
28.667540755851032,0.3823842621022357,32.28511019341103,282.80923502502185,0.4816966732220403
33.82232153894595,0.36587972740125485,36.77846255103166,181.00297996947725,0.5991348151934082
38.15904408233731,0.36347695534978386,28.453638128045146,349.106777622519,0.6184356325279953
29.4271465434221,0.3526288953281933,33.215074827247996,288.783522617548,0.6243609781248363
29.783885311070676,0.3591046797036066,34.551179222888344,319.1496498575151,0.5803441064024197
36.498147733365656,0.39322637569327584,29.31805055442713,173.84078566585063,0.6425474667537832
36.96569535825529,0.3487071607162496,27.00110903969691,359.0364070251843,0.48064897408674484
44.1350651707945,0.3470945787561495,33.702611119508795,378.0270757075402,0.48418352697835415
28.30550434237898,0.4320389512740678,39.18534001647304,194.3724141819785,0.6118669597748604
42.2882343290019,0.3638853569790047,21.33839666514154,432.80963929928566,0.4480356504620586
36.49445433210426,0.3746338404824212,35.35338997803411,210.2990848927368,0.668567529893657
44.49048092365819,0.35603112963671996,24.288665587424816,305.807461120021,0.5604981712651275
43.152560958055254,0.35006863400538324,24.005521643579296,306.81136084349936,0.5635017150818684
32.27248292005936,0.36124021096287423,35.01542102036913,323.41249776229057,0.5489687486941783
41.35725921348711,0.37335798615072013,36.43227569354647,332.5195991885982,0.4973240147587119
35.28224634253669,0.38056510144180733,35.80643073611107,443.9530679491749,0.4727508463483093
30.046662995352058,0.39210168217669944,40.244405321771495,306.70779054024075,0.579688565700385
34.138065755659355,0.4044926303248466,36.202435861830004,290.4257138214371,0.5299505359300276
33.27515621916545,0.3498319746482928,25.040176321911492,224.92652470350856,0.5965747766307626
32.453199265868285,0.4092530077471032,37.199297714307875,328.4801548047611,0.49390973107424585
30.688489924399583,0.40013604081880566,35.15738902665684,283.65617874031676,0.48363422175385623
40.86368429111416,0.3927380961211833,34.85134051401782,245.60728327472216,0.635503172716142
27.208590926210288,0.39939633575462385,28.098354434830174,349.0681328123068,0.5546183852846651
31.06239522573552,0.36918898842779935,32.118686503015866,250.8654855727624,0.6768702549694046
33.77892638879726,0.4018597204031508,27.66774218135316,167.0795901160099,0.60866683512313
29.17777670230555,0.39057251428554063,38.09999075871319,247.05033992201467,0.5577505785744871
27.670641128897802,0.38641320939700863,25.786142015593203,357.50263669297584,0.4448977838571739
38.88828356398805,0.3672590485719241,32.629152181768355,284.8400115428072,0.5408815753448281
33.223903027815744,0.389062965839071,34.21648001085019,192.49973941519985,0.6228718119827575
29.287954444639887,0.3871553793660632,32.660752835344326,214.99132246375467,0.7397368570604369
30.524817877246804,0.3497499513383283,23.567417140874568,404.0101582272092,0.4181352749516416
30.74060554760595,0.3441645127049077,23.56045293466407,369.2191735244774,0.48238477277932723
32.58536863325846,0.42221801532759246,37.997004529810006,203.29692975791642,0.6535962581748268
37.257204891356544,0.3735211617235582,23.660385632756064,361.2972053445671,0.49767406346860066
27.70508146392732,0.40696950223101014,26.999232748880587,315.99710122712924,0.5376934058766794
25.81989589032904,0.38846514345224803,35.29504461112857,286.8395216293615,0.5592711441263287
27.756158787464507,0.40986379259985456,29.061809024580505,338.5581553090512,0.5374499151349652
27.51681610267883,0.45065897163358193,23.080869465600266,204.6702350335811,0.4748098080624479
27.58855488968777,0.3976521776930373,39.865866157082124,266.42603889562116,0.7233917005458147
25.847532495877218,0.38007334345272115,40.88363627986686,205.56983906343555,0.6072288186749323
29.423982833301128,0.39357290411920426,37.56326266963681,231.48702082761213,0.6715238948365094
32.855588781306764,0.39133408396149266,39.38519915088215,229.76774340352065,0.5509527467643912
31.000760453205068,0.39605021254507766,33.63168372062662,365.5498463089554,0.533637820694776
33.09973815461428,0.3853204250892546,32.56519832170232,202.4101241944438,0.6072794101526386
36.21609607378787,0.35719864925428324,28.285513272469874,350.34473436806763,0.5245668933778587
29.40603482912202,0.4128229967560602,36.72443250251461,301.2493753375603,0.5073684862483167
30.02703659910176,0.4102429506651393,37.76181521644976,336.4606435909967,0.5495633181423561
34.022748940368324,0.3816157203660877,33.67063239888122,237.58896461371242,0.5501510323645004
31.72840586969422,0.3967849440711918,27.9117357322407,198.034318297655,0.5937861602757669
36.34198444351686,0.39163252287890077,27.509785746500533,326.4931455924924,0.5451273355488205
34.364279103293086,0.3641467250442531,37.02497571701862,291.6348096410456,0.5928640815547271
29.347040029893115,0.4041393665791012,37.30384358825342,248.81423210440994,0.5761369024164851
26.59742511820607,0.39638487256511146,37.63434492451156,289.23517222768737,0.5784511480851944
31.350421814761013,0.4067177274824334,21.98231699514264,258.90245248338573,0.5617480493076202
31.62386117424129,0.39995550731817037,27.78336316488904,219.80104771681602,0.5725881822133927
28.47538318217934,0.4057010977329745,34.55018748482886,265.1070067750853,0.6036179662417337
26.157577476772364,0.3949149833984419,41.76898933022733,274.31930272569804,0.5683093655189494
32.1165748669903,0.41711421691990075,40.52410418727982,193.7810423478019,0.6429543025119961
36.01239742362661,0.3961868517224989,24.739226729853243,296.12772975984495,0.5072866300223388
32.73668585220957,0.34128680424836544,35.49110063895403,366.7388182512114,0.5686704197796053
30.337018591891365,0.3523222946862215,33.50924359613889,381.1348748892714,0.6053250198717987
31.368856853184752,0.3727856564627663,34.87468922738991,295.91866713804126,0.5134799645548035
34.607055038939045,0.37461111424670956,31.78877227587143,332.79155592560016,0.5338290059689226
34.5388821217941,0.3632020980627125,30.10530011181273,396.5894328596999,0.524085238294459
32.31147285865831,0.4195445388776254,33.80233192446085,342.0882098568602,0.4351522156108002
33.06583110755787,0.36762974768602247,26.863117972740422,321.6894893354169,0.5660195962111451
34.4361378871845,0.4056154862103345,26.492574004373598,335.03423154335746,0.45505389704085897
31.04674868618435,0.3927238294657087,26.4871033966502,329.6947524801524,0.4799318230197127
32.54705984347121,0.39728736738741977,38.527521806087684,206.89314734058982,0.662888968403058
43.782410538713854,0.35525497144949625,39.210455057835134,157.7098712112869,0.5886556125373376
37.19450653327923,0.3737885233417983,34.24260420179169,231.85597785844973,0.5828077017140297
39.875217826537835,0.37357302878016085,23.197929371553386,210.70167788014209,0.6448721224933823
50.084137961967414,0.3081889354969106,39.023016298429056,353.9898862768456,0.583767278078683
46.01080647701416,0.35042246918516184,42.470376695125886,250.2274388149264,0.513365144728864
29.0539364818459,0.363213805662163,19.649788552231144,246.4671427559962,0.553126733953018
30.668086361717563,0.41687695986962936,41.1279930935899,191.61997972913636,0.5679397690604955
30.821029973915916,0.41256443793931163,40.02617303032053,159.3745542050677,0.6710790300908115
31.13679122571199,0.3840949885595683,21.46257395185806,442.3670553866064,0.4700034306449589
32.182770200544425,0.4119033313072991,24.72928990570354,460.54109485412823,0.5226969564830717
32.59947926506077,0.3703704412491015,23.3600973366313,318.1148303940872,0.4343247327529418
30.184988121944794,0.38564676955177535,39.077589340392926,387.4560021905017,0.4701471761156195
26.73141034171289,0.40295983781672967,36.63167131362821,288.2848986594053,0.5808572847881501
29.25034522499153,0.43261019323925803,27.63352322646721,162.0731992662129,0.6283734212518904
45.09005794363731,0.3461424762544917,33.47324556569913,312.6796274424446,0.42212149397527227
31.626991381091578,0.37702369461033824,34.1876681197885,265.98157681366905,0.47297424271315314
45.073091947545436,0.37178785155732547,25.178176402465787,322.5380590788612,0.5758814115186606
34.63902760186753,0.35667571334561865,30.867915912552153,233.02862568183772,0.5699901938126134
34.35027355224824,0.38656260394147124,29.973629406586994,321.66950338109103,0.5826918151749393
34.73940716949787,0.3929639598466669,34.42293647866995,185.3586129661931,0.6549162651337511
27.116079813904367,0.39958994325734243,41.34747866726069,340.607808840872,0.5077357048850417
27.29844140271832,0.4524576490980857,27.06574988928855,278.89822076947576,0.4922205700443385
28.339889430281584,0.44561511632174755,24.60106453119267,250.7339218476951,0.5772715801580142
31.320380515822105,0.36709866113808604,36.289763831942174,291.77486628036155,0.5268383657876421
32.54116735350182,0.3998458652293793,36.13842130770537,293.8730538787835,0.5940403838709728
24.558149333031412,0.40654515152464116,42.56828411723552,216.27613664553337,0.5870500804016047
36.596393974010695,0.38398525262294275,32.083125900030446,234.634781857434,0.6226789297674448
35.43063903833698,0.3865817447860591,32.02157349812547,178.41711703533932,0.629681384468368
27.079267970575856,0.39682795343386845,32.35786037302617,334.9106889852311,0.4700667955680639
31.464628216504142,0.3974623448698513,39.148204181197485,395.40508901693465,0.485326628179687
25.027410133124512,0.43918255584001714,25.909789839596247,314.8636219309832,0.4380872364102619
40.46987932391532,0.35588000662547614,29.08227861346584,372.4913654751399,0.4362487425036371
38.65924206473773,0.3525512536197901,16.90407908619872,323.97506941119497,0.46256608850893094
42.35815289773072,0.3554127689349586,27.51092392285139,386.1146649320975,0.4911230366677177
32.3287408488392,0.3809555089208748,31.774192018701125,229.41354161168056,0.595614309549851
38.885986379073216,0.37381769719904506,30.35705598053547,262.0698515733751,0.6316956557766824
39.17123526894718,0.36114418244004165,31.56725795397366,292.8390546429891,0.5735470372077367
38.26775281859834,0.3696388078941765,27.859164867135554,349.69940393040116,0.5166840558644945
30.471548562876457,0.40626488334093375,30.041854304809846,295.52931299368447,0.4853746768478834
30.61568752211519,0.40961029806971166,29.99285920480074,354.9890265177334,0.49556137614629703
28.772740239225563,0.3958422439252129,27.39490501994321,376.8814777711081,0.5222626227341945
27.97731929034008,0.4081321186172294,37.804569320071955,240.79321734508795,0.5817304823921428
28.031268474228092,0.4114283269124298,39.787999282723355,176.17589751189968,0.6777254353301302
27.389257604674864,0.41334836668071195,37.85542347676499,192.17173544662768,0.6618235028419499
35.93899794915664,0.3945551816146564,27.424084319382658,178.74040146343222,0.6743629869640352
33.34922867634734,0.36727543408849694,33.09692249529736,350.7374930313159,0.5062477425992206
32.82962687369782,0.39455970027969106,29.91138206564906,246.86841184048654,0.6050034309117611
30.58778775354936,0.3796204096128015,30.38123501236377,226.39569884546682,0.6329652230938008
30.725001102071875,0.3630462315025914,30.203969919701798,359.99540471535005,0.4838674739233746
31.285852254763807,0.4146967390863725,33.70932594390346,233.73772628459633,0.5759200154194032
46.20196918303554,0.37184064273971357,29.907458870800447,292.59070650167746,0.5364268130051852
25.982147276977045,0.40613829399929924,30.562782043714535,439.3001731369893,0.5789418222822807
29.060410808411785,0.3981888263013024,33.53854829520503,280.9625526227704,0.5150475984777645
36.17046500459932,0.377711544053324,28.186394568490424,228.89019134847268,0.6503316245988643
35.43680156570482,0.3457558970865958,35.58404988115073,263.25526389573537,0.5679829086019043
36.4284508418982,0.370800374814615,36.05294994053597,218.42161755291187,0.5618608124197993
27.997312552514348,0.4041612254316555,26.99641217474746,346.4868061162843,0.47125142127088127
25.977924399983962,0.3944388846297033,30.758196290783705,451.4969788637728,0.473347495049732
30.87924833914979,0.42352097647632625,25.944332886147553,341.46636679604495,0.4459533412939809
39.17671014148427,0.3782991631679561,36.70990793242093,191.94881798438402,0.6410128426252727
30.66259811427532,0.40496409561609203,31.83849309765318,349.72597105623754,0.518926202447172
30.797463708531996,0.3906160551098272,28.335290647509552,374.1640961642832,0.50070544813576
29.417198279342657,0.4023893178016153,38.47521148929847,278.7298178756933,0.5501330382451965
27.694273472270563,0.3932560360789588,28.463174393543582,273.912003195039,0.5643158708012429
31.202837668399294,0.4048936035800705,29.74062398270436,319.87958069902874,0.45080693432553876
29.766085561782848,0.40535284554535317,23.519316831397308,378.22878909275016,0.524564956026239
28.078930841268374,0.3814259850216132,33.63679571582783,345.9784249297683,0.47349671311665115
29.342240973909135,0.4190022301188967,18.814267671271473,497.0477819507484,0.37372348491350565
30.138360904627284,0.3688037952647989,33.97879779748345,533.2718716196632,0.3916656933911567
34.07214847192146,0.4062502002816238,31.319709460952776,247.03378742711615,0.5656832354802126
32.59816845734409,0.38695411341132646,32.9127809571338,251.9812518351395,0.572317187635336
37.836287190756,0.39069695139889987,30.880002802870184,235.39079959216104,0.5591541182745434
40.180700290411195,0.3503373842007541,30.948345072669646,369.03993297737105,0.5188558136158565
28.09898121888009,0.4245670947317788,37.84754771190737,308.316560675831,0.530465587571946
26.622151351064137,0.40580900871604997,35.527120429654794,160.75580581502743,0.6501386636369377
25.437015203232896,0.4510254569628251,35.19408284250764,217.43266065165173,0.6330679166628416
24.745333395950116,0.4060372256758495,28.187110786067443,271.6834907584634,0.5383766305071582
25.8164229652782,0.40090297908433487,29.58248879417629,302.91025481761204,0.497901881019485
31.089947609768007,0.41792763330512317,25.73430550253994,318.3332553929757,0.5357659697810269
26.981620917509414,0.3996277697895981,32.42684802888692,340.3302729952036,0.46375784089387284
35.91849640436558,0.36287009623075905,39.407532729643776,257.06805057001736,0.5600685899226592
31.92413021235824,0.41300850512352205,36.601962636352646,363.3317911804782,0.47433934347023216
38.42126645755303,0.381953698012646,34.57355497443519,269.4581039152102,0.506622780505878
37.88961706328667,0.3431573046650804,31.28635446473713,361.2187006926389,0.5780664987356393
34.67452513711089,0.3922776223827957,40.302833142472565,188.86158775694116,0.6070535975861197
24.518885670088967,0.4010657821091891,27.477164595159305,356.15942864227316,0.5005353459049496
26.06519945865988,0.4027595392784163,25.960619463216513,372.79790890657284,0.5053026877439513
27.157464781936167,0.431542251471188,38.08519133218851,348.50562220154967,0.43196177568210437
25.61661368845337,0.4096549590689119,33.878552847630516,267.8988633508332,0.5875739126052121
27.869680789182354,0.42365622835936123,32.53305566368604,296.30726302009407,0.5791103847636725
33.58219944327797,0.37028382256052905,38.690746404476265,303.5465313607176,0.5018603077093434
27.724613018253482,0.4234416752074474,33.56067552113101,228.49286495613566,0.569461322983513
34.96854263697746,0.43689449355261983,26.97129956952182,229.27476327716636,0.5313635462820412
38.08611584097396,0.380560088530153,24.69490362566716,324.7644642407145,0.5101532797825389
33.39040953160569,0.35808761780224746,25.827932320461905,280.95438717871934,0.5136233802249458
36.59149801754782,0.3664245462038929,28.616550152555643,309.9998950649122,0.5328823136248722
36.59149801754782,0.3664245462038929,28.616550152555643,309.9998950649122,0.5328823136248722
42.57347482254428,0.368062703874313,34.708335088488845,286.5098888685499,0.5066887580957062
27.144886302621643,0.42849088379839967,31.31079082072748,342.30345270337386,0.4855775674277108
27.812503056501477,0.4118901652557458,29.19727191524367,342.06249903853717,0.49332345963178725
30.804570099279402,0.4106696826546355,21.559680100772464,249.77123500330327,0.5923321943747277
26.454552291702026,0.3949794670741651,20.80934328306102,232.33140842798284,0.5789647074374746
28.039875310597544,0.4056811035496735,35.85702152474758,238.5103302831311,0.5991134462383382
27.4385623252618,0.3902292677530228,26.783337312345473,311.4417044784814,0.6377982667427728
32.311569554592744,0.3774759025512032,37.118236938998095,305.41733892258503,0.5437055854265062
38.65537857794977,0.3902475255018127,39.41219960397516,280.34037090513783,0.5433410420621162
30.89843613589091,0.37523885500624066,34.32311293492424,162.24009833313366,0.6795988820547966
34.069729970861104,0.4006729887944617,30.072358738538288,297.8656099399088,0.5252216970256347
32.580411454900116,0.3800591615591213,28.523411981776235,401.4413248166825,0.4903186976301019
31.195985175108113,0.3915965357689724,33.071312741908095,345.4246378935424,0.546182096707532
30.95491857021525,0.4089254945819782,34.08990215008632,185.27247880965484,0.6018367912847125
38.032600210727686,0.3512710402837745,36.7960178315748,289.3176990517547,0.6052187338125644
38.320723831114904,0.3574220571144081,38.68402657168857,207.59747894957127,0.6369805239575286
30.82904073544327,0.40340270378945114,24.39146798534816,315.9525446454638,0.4875800482702544
40.21773574100702,0.3443669450719451,32.18935242061033,447.22497012391204,0.5055215560970607
33.61195207849242,0.38755656061525084,33.99010607079549,332.5944963117573,0.4507873615254282
32.70703863343285,0.3665887992833499,30.386364070506957,182.02485263080382,0.6512466091353574
34.545979539268274,0.3530097077325622,30.27081214754805,337.40745342304047,0.501170525730277
31.546360974964273,0.3926651357468803,30.980031190354964,256.2216831924729,0.5336307110780474
31.90986941728211,0.40948665778029464,40.129441176900094,291.96316857843533,0.5678968118930423
30.232188504650114,0.3873782943227602,41.20186008146506,278.17881136040074,0.5513151479228472
32.30921223218054,0.39315487056955006,39.38229469465605,269.9486514098269,0.5730971864156928
29.201394192743138,0.4017146419705265,38.83645725940181,232.4741409990144,0.6049570430628182
24.566219849863895,0.46144059149340877,20.056807456133132,266.62548069676336,0.526727759549394
23.289369278846426,0.460239661622654,16.387380353300873,242.3294455714961,0.5199512412079809
26.208626851031216,0.4737987685972962,24.266920116270263,247.04317064189036,0.5054242217743479
24.553203089726555,0.4464249960008484,27.310150312616063,256.76435110745064,0.49896704452133356
29.291093224828693,0.4124457801678037,37.499714521704554,247.7158813279158,0.660959021411821
30.534991763542468,0.41190092468230716,25.225862911475403,245.80460855719755,0.5217797347255585
32.687574435872975,0.41064664639361004,35.049762270188054,304.9917966726414,0.5354818844446075
39.466386128654705,0.34385967070024537,28.661199255069125,272.86148740690527,0.5770801333373377
29.394048202445994,0.42229926453304617,35.15966894144952,228.7152757567489,0.5704914116833254
28.001745264215764,0.42547944835442864,30.66883729676475,224.2261064684721,0.6284914516038683
34.61502932249427,0.4115711983656385,32.408419375890794,149.8815239975886,0.6303899934586747
33.64469631089622,0.41621717193825153,34.524878653828836,158.81426787817895,0.5594852978570748
32.879117553010396,0.42283785034151666,34.90895200106506,197.32729030827835,0.5699784952283545
25.227092126863813,0.39207204842284665,28.707552950083638,333.4510746772494,0.5750009509208974
28.53058798966231,0.4023307610152464,22.330326129663643,395.3309106673935,0.4756032411418926
27.31784650131665,0.40856744869973916,21.697474131846032,447.34827253481365,0.4898980276101306
36.18921978428097,0.3726789422304325,29.20246863092475,217.9696277059635,0.6394636147614954
28.390572153715866,0.4214620237823587,34.77734188591526,283.694858486506,0.5330875711062147
36.316393229080475,0.3578196265175461,34.7559325175648,472.40252278793207,0.4602389986284656
45.11878630280738,0.34050268139253864,27.902354536627506,303.229960061002,0.5123011501647902
49.79237334155363,0.3493503369997714,23.126445707312335,278.35177811067643,0.5337432762853441
35.52472686099223,0.3309658475980492,32.08073456656429,337.77237878847825,0.6087588885174444
33.98565527671004,0.34193234574502146,27.001862496370038,282.75940070046335,0.5892208437661384
23.630862796212064,0.4196392548447397,30.92686618696139,330.84523212972005,0.4544029389749773
39.50993147928218,0.36986576190347675,27.568206374756258,286.7931526926557,0.48615178763007144
30.800629692587037,0.3758751633684114,30.643483370761412,308.4027142165153,0.6289254070861232
34.2039598783072,0.36670414986363736,36.52375270892436,183.43818535352133,0.6219837829739162
34.24223238727445,0.4164240923520374,41.8048774431881,211.54839101387483,0.6386426124119673
31.94761778045957,0.36619379872350694,31.710869083151657,249.74920711211846,0.6201896494201756
27.566469987267993,0.3872703800747622,20.572728179602915,394.3848920479528,0.3821440398054979
31.7801941759467,0.38925450912546505,22.942058921998523,462.76724044937447,0.47672007155076584
30.926837735275488,0.40009593000174354,35.0684321707103,337.6949620520029,0.4084351662018328
31.481863039508976,0.37712616152705064,41.24883103110884,355.7765471396266,0.595795719252114
35.338434877213956,0.3946630047469209,33.499362618210895,189.87414583959833,0.5280001920252116
32.82887881288618,0.3545684460697342,29.048539895221683,300.8367743168845,0.5695901902056422
30.900059290200897,0.37795157400874063,30.774287658568326,322.8304968207399,0.5531606946868717
31.009330302393565,0.41051402631219563,32.23767454984189,402.97719955167224,0.46952562694372707
39.23610632403834,0.369600600193605,27.399344674168276,166.18077737305677,0.6307576846144575
38.742779839808435,0.37715247787660067,30.123768903494017,179.46723790147206,0.6559063095128889
32.59976902110389,0.3731000877880393,33.8399149185181,313.3218303696909,0.5637398419726662
30.479839420391095,0.3833457331110703,32.9642854880157,236.66418928905117,0.6279335586177198
32.17520488360607,0.4020570970895787,32.53387766778276,353.8426454170757,0.5311428390039715
26.824578218394297,0.4374722681842459,32.11754656267024,194.2669396181584,0.6703677400704421
37.159639317921346,0.3736046899873462,29.411252622017017,424.3379641226942,0.5075579638597044
35.65643684212411,0.37674715630164396,28.674310175237615,361.4817839333413,0.5121146553082013
34.75848836631834,0.3864993273019231,27.88776343783871,377.27126240390976,0.5524064444611626
25.294409884017487,0.4531221631383871,32.9981002640412,326.17610283561004,0.5501212458150634
31.29837509134252,0.37689999629294463,34.605897553566265,120.4009513703922,0.6808445357552407
37.56947429745347,0.40977420840155354,34.275516468133645,191.18682934201166,0.661712754467908
30.35827358283981,0.3703192965025246,39.33100493070646,301.05419952272246,0.5731970433001843
31.5452075655963,0.37388407475938457,39.76514366701507,342.49385311124007,0.5758632265815974
30.267004446629898,0.38481669275954145,40.534326774643986,262.9521860729469,0.5895924388332705
29.62238907289148,0.3895891459071334,35.089616428271086,348.6172270156179,0.5235444177616309
29.62238907289148,0.3895891459071334,35.089616428271086,348.6172270156179,0.5235444177616309
31.40396558668455,0.38557007509389857,36.05398442090332,397.24549619390916,0.45073092990610797
35.639043760046405,0.3884947138865226,25.050038670913565,217.61561908299234,0.6108797761262709
37.60820352908945,0.39636871972834464,29.77448693282753,219.28510922929286,0.628911060049372
27.49269531404627,0.3809412215369572,39.85232699505448,274.7374157219232,0.600889366930375
29.123065066963658,0.42689093044269566,21.422844239843382,372.43001262425344,0.466280458236855
26.191557846437796,0.4151663578891283,38.34904228756388,317.9095109319804,0.46250485371340183
33.926538258817914,0.3832919924653547,21.149859333163562,348.9114311391194,0.5343431932318932
35.78306712421159,0.3888975177384495,24.778293372978546,341.69104901442586,0.5885044138311624
37.43272286627831,0.38474247764710495,28.330171096859676,335.1669777696414,0.6144570037936601
30.88477120509504,0.40010954642570795,30.920614161264545,263.9348406334493,0.5617446848784866
29.095669359027447,0.44043001294042994,30.30063660729279,211.15442575592164,0.5827169267545415
28.692237555278762,0.43580716263535857,37.83819364626076,231.33386516154286,0.6081996860831765
40.37500614388813,0.35020235395759225,35.13767218493052,295.708801915737,0.5300413865998176
22.805326339753528,0.449183819367273,34.7600552701037,267.53667615452565,0.5741294426423318
24.722690666452,0.44234489919567027,37.3483643783805,241.93429489088592,0.6150952918208558
43.115061795297905,0.33365626452716207,24.227776144824496,363.9735155281007,0.4922160336015947
35.00536539356917,0.38066365075419684,28.30858486870537,296.44806383276807,0.5272240731334554
38.21136635247852,0.3942605158644117,25.817094865290176,341.88372423436226,0.502958189213618
34.08524516829994,0.38282082104165066,25.830866678845332,318.5513644267385,0.4951567431988048
29.911904820500016,0.39512661374645025,30.907184197410828,421.4472279889036,0.45890833175656853
35.95859343666941,0.38050987747294596,27.06997138940657,367.28584944216743,0.5050567586809642
37.415259273885496,0.3504274255187271,27.45302144987698,256.8162822612305,0.6135732277462018
26.029812124328483,0.42893899896659987,31.431487342063306,338.9038783298587,0.3979689382666158
34.56567421805944,0.36727919610079945,28.392962768197,217.4994830127047,0.6526432839280173
35.918380217782016,0.38174706926669205,33.9276427358315,223.22966976062273,0.6052519011981324
37.40201047268549,0.38829599063207587,34.93359936382291,229.08686967076554,0.5837533492512404
30.617904725389472,0.3655150513016741,28.038049672384407,292.53677757975305,0.6063704988537374
29.052212289404093,0.39589860775166147,31.86818014710268,228.79524305867685,0.6005917694539432
38.78962770913375,0.37351810992777046,32.118613526402584,274.43498118373645,0.5898144174611873
35.62753178436437,0.3546125677102572,31.02262419614417,279.74948650925586,0.5517449386732154
36.25491747267192,0.3864708638822512,26.704129807571643,276.03477011603803,0.5404265573882648
33.05662433612015,0.3813759366322574,28.20645757031526,252.31844638553022,0.4887027484268334
28.8144601541781,0.42338663982701974,31.65395623040308,334.70336662423637,0.570710966433554
30.46096532633505,0.38225722025318626,38.36192536448838,299.72383134169326,0.5625216986788442
31.495276536838148,0.4039678431743543,25.715282817238354,201.72966330408465,0.6307736713201084
32.90043952981864,0.408628524233999,25.75292109629405,195.07271477759866,0.6147315927789242
35.51598396407765,0.3850600403824883,26.677003049006874,189.1358987324447,0.7012831117609347
34.833044996140075,0.39071645855563436,32.7677735585713,209.08993074332363,0.6149936650620057
28.622479858026033,0.39907906265186127,43.79376928636663,383.3864550850461,0.4897714551106204
42.47239246743142,0.35893147174681406,43.13793532474476,329.48473794852544,0.5960232825819065
24.439357655754947,0.45107213923675715,20.452272751819034,318.5924675657427,0.5901959196367886
36.79510363204366,0.3801524804721439,42.16193718383446,246.46253763252278,0.5930501021795771
37.42437458043133,0.3552060967764033,35.79960729320045,260.12720134714704,0.6039757228537149
35.18522815896494,0.3950667845585103,42.59704843954111,261.0120747609268,0.5638785026384239
24.73422871600668,0.3507652161760434,41.915105025170966,410.308772151503,0.5677782628061718
26.55579057186864,0.3645073217668626,43.17669851571268,399.1487109104295,0.5808166482280047
33.3148526278454,0.3808820594168395,42.86365661365446,251.63111113004763,0.488418629941722
29.103635057515298,0.39694228286442107,42.02631917495144,282.50111787979,0.5013066156694499
24.396561540039936,0.42529336767784254,42.32565646874102,339.40295113771975,0.5621286782538464
27.86230537540634,0.41892032409914015,38.683634638857605,277.15159223712067,0.5022331340489948
33.20884985418461,0.37379388189226154,28.799383584191236,216.24055418503573,0.6119602963284815
34.672887259229626,0.39412633607390435,30.415002076229445,304.6228129842514,0.5015675715415719
34.11123564637383,0.3651748072029342,27.510781133414323,325.30420227281377,0.5469067649992985
30.516759771026425,0.43254024634554394,35.2691729253443,175.70216967004467,0.6650262896328113
33.914001448035684,0.3731299237608218,34.72229966054777,174.50929500155934,0.6142156652141307
38.96519802012227,0.3908949049639704,38.43876883940492,169.6697948627354,0.6485617444752854
30.13073097639464,0.3848702126764638,27.362620382344126,310.89738067389123,0.6107314930391471
27.654880459674793,0.41168231836639074,36.09163240128976,317.84083666999425,0.5500484095837277
28.627033651140177,0.4279435332313412,36.327329398238554,195.85399228422068,0.5361386594362973
31.720990245376175,0.36745441007253726,31.676879243958457,457.46563537145875,0.32093417686896647
35.80575467179162,0.3784025788134823,26.48295331474214,281.0135344166551,0.5568477318908209
27.313469225128035,0.3968874161916947,35.45944277734966,268.9639956912089,0.5371615803836306
48.86148674927583,0.3419940278300219,23.761912737628112,254.63900422997202,0.5951368567450791
32.364192305909945,0.4036172582579417,32.38855552633566,263.7346784985895,0.5522172603426982
32.607903909451835,0.3912087169309724,25.152858797761017,239.61852988893548,0.5965745694269058
36.67848676987591,0.39126144645591815,35.33149164683608,201.87757451363711,0.6227541314864294
32.22445886500958,0.39719621099195024,32.01857301553335,334.46983965622616,0.5019884191556644
29.7537575494047,0.3945543507021994,27.106996196392434,258.3460616732816,0.565004033216903
29.081154290017576,0.4126281762963197,41.4441257627943,301.0308088383206,0.5392874864040973
30.368710366464303,0.38607793112332306,35.134962109541775,302.04753454319615,0.5229782614101822
45.34401267235308,0.34975313442846057,27.932975354164633,165.84304379917384,0.7213454214415446
43.271835381742484,0.3585159875041831,25.29656158864275,183.22110697108556,0.617952691050394
26.52983584710053,0.3873429708568198,38.21588916783888,353.9024421767189,0.5179524677764085
35.650028765124205,0.39003633821288125,25.99654711100382,153.96370015283478,0.670084705489737
31.788681149126557,0.36388716288554435,30.873869703790024,178.71469907099083,0.6989520997834268
29.195997733496746,0.3640945827783602,26.564277922995444,460.82744339017256,0.4460446932570539
29.20243893984211,0.3872101498324818,30.191023407118156,224.4750279928789,0.6640656469144948
34.030447478753594,0.3744549161863144,31.99249852981874,327.7790173820542,0.5318802072078946
28.534512076515096,0.39267820166341877,24.91154269429124,345.0355393478725,0.5419063068637758
30.77526233458241,0.4135720119193471,40.14959691653402,299.0190887975144,0.5009965189295846
22.97525895767361,0.4029225034069645,42.341808989104614,291.9756041751157,0.5565456369663778
33.6700962255695,0.33179463478991206,21.470220832686103,281.46381100177365,0.5544122887309283
24.936287119790894,0.4005946478539774,38.753742151576716,307.93584139041366,0.5746369837021409
27.900267735838966,0.4124296415090579,27.61491343302394,265.0174511475937,0.5494052566602199
28.517571085469296,0.42335380021869967,39.56144188529945,159.56545381205237,0.6503839169372122
41.60098604965363,0.342303560128842,20.638799702300936,615.4509996595593,0.3644317212256563
44.63642700220888,0.3288421403899847,36.30590028586848,131.14000451406008,0.6629980009003957
44.574873424698616,0.32815943508696593,37.29235244171076,114.09619119749273,0.6339994717412201
24.840777139798575,0.4163792940849613,29.17318096048266,298.02349053799594,0.42735969313831773
31.282269445247294,0.4058616800947291,31.245931760337104,332.3823578566029,0.5532280431778192
28.001693379416395,0.385711923159401,36.3199657397545,316.42429492213785,0.5836664165919963
32.141562533824064,0.386759659569686,37.176059597728965,295.84241191123743,0.6053371467969664
47.11819641135273,0.3324536877092656,33.814635096843176,342.53919111479854,0.47797529783732395
50.371569391361646,0.31658509879667984,24.80920148247929,386.8881979251178,0.57135483247441
26.49110053233367,0.42836679808057765,33.59353368495477,204.85719788459244,0.6254815431767603
32.53190767401837,0.39177806960517286,32.67505042095998,206.2375421561808,0.606248212989947
40.45012295682367,0.3643708208954128,30.838738118326678,185.98981144950497,0.5320413464794251
35.155002016476686,0.3540576502092585,35.130280181362785,319.0203618363964,0.6489437422683122
26.539403099663186,0.46141851128942396,27.164917923057825,209.4734376296729,0.5199307048171151
24.59090865569866,0.40513448386302536,36.88591605820436,167.42893061032737,0.6942200448549912
37.4820214118595,0.38614438652336214,28.068994463686547,177.35572005425576,0.6092608644872687
26.543025311036356,0.40940397480156093,22.89287175174761,339.54182571015156,0.4659654663414865
35.75014286962243,0.3798040834335898,36.29370724864322,257.32715656041415,0.5858257315258298
27.612263830626297,0.41045534098304015,29.081600408599645,177.16262980193468,0.6508215247873466
35.2643629126964,0.38484229308160356,37.273332008481276,263.5458189551244,0.5949559221097485
35.421841899344265,0.3964044539825498,38.03292559043054,222.70892201061557,0.4813509806378321
29.00551327291806,0.3880646544007239,39.90469403402848,346.3623142762043,0.6363494172921523
27.84077657670769,0.39872457193313254,35.88535671814017,307.76685442242234,0.497331365777306
30.084873091506502,0.44590938135255054,38.36404438651838,300.7625072510695,0.49751338009057705
27.969852372236602,0.38982707812971523,20.16498021395571,362.4461432860936,0.4597159128866153
38.550181732542484,0.37515656349237286,38.70630495145072,258.7559274121994,0.5345601520507426
41.47596945592878,0.37406014815125554,36.3724911440226,281.34810006665805,0.5342851172003117
43.6373602073165,0.3623353873789993,29.38743064901414,238.72270454125447,0.6149599238246102
40.2335442206762,0.3348506378272678,30.507245962042465,243.02612561700627,0.6120316711183512
33.96068169462032,0.38650880990847586,27.705900499899773,270.7807105634272,0.5699446979795625
31.922246893663193,0.3912002448905541,29.60415666499717,218.3700189813128,0.5834057035752749
33.42013826099594,0.3663383278465115,30.30461087363449,319.1765915479884,0.48515345826968004
34.33126541170522,0.3834216874936247,36.22636242227125,346.7763131032858,0.5636984590666142
32.332513318712145,0.3957250095978394,39.77955801212871,318.58379776109393,0.5488189072818449
31.022581798848513,0.41925499013395523,26.117029088044546,167.4548193046609,0.6741430432985911
32.891385707976404,0.3841162778789395,34.360061424571306,202.47265619344597,0.61633477157826
33.6333590822851,0.3771461616962026,33.71895468846141,331.0314494483961,0.5639141043023628
29.637577834813555,0.4049869389010263,35.43873910519374,273.29637213223515,0.5391628558532165
29.550236566195984,0.4125690829862028,41.74536006072718,282.53341015712004,0.6212115917550933
30.95335572317993,0.42544510878191527,33.636172884753655,331.48941114672897,0.5904274865949274
28.21726383659291,0.3987578752475009,31.718033517441633,272.2355210510554,0.5497787690467029
28.054811813366186,0.4228516061834546,25.717059135317836,295.2768767559883,0.5411876798239703
36.34225882239843,0.3734456854400685,32.35180385239975,378.79643592397525,0.5155975635331156
30.60536726468439,0.3914054351751593,41.769526917937206,360.08784980917846,0.6296528399682949
30.04010016773868,0.38513460007608963,41.14044695506675,275.3537560221367,0.5243239127064429
36.354796005267374,0.3651636165378713,35.39348050388705,292.642945286037,0.5438788081691411
37.753379126208664,0.3958673312702987,26.609112259890416,281.9484754598135,0.49287370921295387
36.75652540479303,0.3781928328575726,30.99746675395214,281.9867449457798,0.473758402743176
34.17527164010369,0.36040761072026156,32.44093218471569,325.7935314949372,0.47449418975859187
31.444635824250387,0.4139507237973185,32.81198276322364,309.9152116020211,0.5732698882379011
34.3118128778337,0.43062214074936156,35.12836414357054,281.6016828034055,0.5296124416394986
35.96014310080648,0.39705596192404224,30.372758064820275,251.68206335904762,0.5015879338816878
30.488089819237643,0.38971234951916217,38.196145627837545,253.68771085978653,0.6243051426800003
29.86944404609244,0.4133204536873782,36.807483594909826,240.322096297694,0.6024029212569292
29.9206171453576,0.39553705118833066,36.49441302931698,232.03524992240366,0.590401120504256
30.447880578937482,0.3698016337561409,32.33247015126234,225.27222198068182,0.662514149325182
31.379656655869976,0.4123561938708354,32.10780585155538,334.004536901196,0.5667145269266309
38.404834198287446,0.34806797486494406,30.67011502915825,294.6567606803554,0.6045375957165079
29.250007179144557,0.4032015501071051,26.087992275936582,239.67961481441992,0.5979153374331844
31.32147559162882,0.3888591520723948,27.417392029398137,241.5341866148304,0.6049532744490232
32.43524207002142,0.3864457470267859,37.947781303735184,228.04201130356853,0.6092173225473361
36.47937066669224,0.41114799097145627,40.098567602903586,228.53555271104722,0.5094156051443657
36.97155921651903,0.3921815599074611,41.24370134476379,227.17308714734747,0.6272233958330226
39.34965735645524,0.34958959116501453,36.43764492710902,326.49443554887466,0.5782751570063909
37.78282636209383,0.36003904568993694,32.75613141903389,309.4004616449441,0.5273480559834479
35.6576899241117,0.38036193374522675,28.776312016486248,305.90940165061147,0.570570752697362
31.551397000903815,0.3647141007709885,28.692270763214736,321.8996633169827,0.5245436548855897
32.302665447579514,0.38591797340249157,33.81970444751139,328.10332692578135,0.5052596415585379
38.25479441103161,0.38694418098736055,34.30445699915008,328.3396090003446,0.46504932084154743
25.83305118271142,0.39178026818519834,22.73926153683809,220.31443580774075,0.668959908506493
34.12779879453149,0.39378824822876735,37.61799692152068,230.78737499668296,0.605069653765477
34.068452591235136,0.37088440709908294,23.896203049849735,352.9069157864964,0.4967042101842813
46.25798343747566,0.3284160399576536,33.59255519059328,273.907038075451,0.587014779035444
47.68227957278865,0.3663255888002741,38.63457411382794,286.2544635588365,0.6286752927226866
31.664611087207945,0.33866411996010726,39.81656348948086,375.5439189705821,0.42360348054125874
33.281243759357565,0.3642975027185146,39.52178899121453,478.69835731048204,0.49627949577371966
29.48255899653446,0.4021441876089947,34.80256220541197,389.28113631631174,0.38219255289632414
30.444768443684783,0.3873795302537488,33.585425845267864,393.86623651079356,0.37873106480513763
27.93168399545237,0.40046822478995525,22.556027828755063,286.48536154190816,0.4918804400237242
30.735286827111917,0.393754744207626,32.32157840347507,272.0091431348304,0.5975967150191253
34.26957311020374,0.3773985538267076,27.526747431943278,270.3266764158424,0.5619338746465868
38.488210371829275,0.413911574849636,27.516704184064917,207.14229308363983,0.5756962364207169
31.833828897131564,0.37279764293447926,30.767320995132625,201.92349485142307,0.6543054405908082
34.70579966192893,0.3975650283405281,28.288169510210402,232.39939757649276,0.5972605097122667
29.082992381785726,0.39213489047645356,32.22453100337743,470.25596311527767,0.4662189971930673
33.88216161881061,0.4004858224515358,25.16052374690774,322.06362954975395,0.5176691848012663
24.872629302388,0.4294887619376309,38.494257618343866,184.8654618181284,0.6754697192015474
28.25776817879808,0.4414468404833412,32.201220760537296,163.46215714947695,0.6091297585001834
38.60283248972979,0.3320909614871839,29.360600112717382,459.26859893450535,0.48106017628695147
28.973652342907883,0.44700311996437464,38.67395462351594,175.12563518209555,0.6088371440153474
25.73391646988308,0.42621913331807143,40.32657787921224,232.17174799647404,0.5818130663935336
35.34665617912755,0.3675234294885763,21.995632487868217,218.29696663706514,0.579968756885929
34.755575841772156,0.36181525824644556,20.108965663107462,221.43560166176024,0.5630576367744077
37.495131794668545,0.36573068731336045,37.5369847042547,198.4592942409911,0.6648619865512051
40.512550237942385,0.37391747596749925,30.925109260244593,254.1858173093168,0.5499521507290523
27.19866049007481,0.432427543329673,39.894657174351934,260.62069692176823,0.5532265110782174
30.05861592239364,0.3867937324130248,41.24556866185498,280.7134598545496,0.605348990786287
33.388246282208094,0.38356477966822644,41.880924580543976,265.4476485850008,0.552061391195317
35.14628092185092,0.3901152253272393,40.270844128774634,271.6110984822886,0.5519219392403971
32.228475988118994,0.38016434254101256,26.66410117169785,217.21374329081786,0.6826866443531495
32.585153348314556,0.41284847202400804,38.585669374645526,257.5568197967472,0.6189045787041351
29.87583354709734,0.39660210858460226,34.42640464804234,313.42152001232876,0.5851385189369261
30.20843903564541,0.4060124227097733,34.82589050503153,323.71337014483805,0.5896856590165392
34.94118910269017,0.3926432502043141,33.34909361796141,224.504679324726,0.6338773995175014
36.2595269993111,0.4046328456776008,33.450458003103115,225.07684257256037,0.6386661386792946
32.21634514973155,0.4008751605817604,29.88235869566598,424.0029832778846,0.4844209114103019
32.21634514973155,0.4008751605817604,29.88235869566598,424.0029832778846,0.4844209114103019
38.907776662827224,0.3525707025290414,31.633030194296808,306.36049647694745,0.6622411460417619
33.203817764630266,0.3791369250678028,24.407125817536897,265.0179035163686,0.48620329330295925
26.03090427888613,0.4223463065691308,34.080608589382436,359.3444399858061,0.5001651614164068
27.954348614896976,0.40196617042284183,39.29781908746377,327.8352155542089,0.5523560965919987
28.185329961178493,0.4274253814046765,26.055905751253864,348.2190563212707,0.46090308340751357
29.28341517479114,0.3833628145409849,42.03586219462145,340.90668630857033,0.5212571666955568
28.237365830564244,0.4386497710062668,33.048704742690305,213.7114368312315,0.6658999866213933
32.24273853264643,0.3718226528550399,33.056418870556506,193.20744998026763,0.5841869514550292
42.33202349589646,0.3629703904520378,27.456837503958315,303.8839099885023,0.5781551788739847
34.12086919445407,0.36056141014423115,32.21048566007557,452.6307752531005,0.49052581099500636
26.47803704566883,0.4024021756561354,28.515785154399897,190.15477461198603,0.6385693928861658
32.01115857863823,0.4151578415817427,32.98856862365499,251.84250735103618,0.5874569029991062
32.94668052468519,0.4122341750824172,24.021760032845943,244.66169466980455,0.5878475033926844
32.08669783566564,0.39323007835810847,24.669392644641302,217.96229666845963,0.562419266537939
29.46154429596962,0.3581632925945903,28.236750848211656,180.900310981569,0.6316979753490648
46.92504922634975,0.3526567326400942,35.38963407370513,415.036887704933,0.56029498898249
42.75363054821849,0.3423657806131267,36.56484646524764,332.4029331759788,0.5262358305712568
35.67052366896448,0.3350174151953386,37.00891493728785,324.4938979720998,0.5681364711941747
34.40196461444348,0.3592660629862563,31.55899525656773,320.9404526428919,0.5585879300601853
28.199061875394385,0.3872867939984564,25.554359059783014,353.7420788131525,0.5296997671839677
29.208706031422466,0.4001510816810309,25.863302736393976,352.2834601237663,0.47456955728048844
28.252741337949388,0.4056570741067122,23.6780501079232,357.8901322112428,0.49223329630671975
26.60625414718846,0.43475724873175214,34.829817886060184,293.4045691092672,0.478646439823006
29.574778500079958,0.39818774725266476,30.529517148464254,194.24200226187145,0.6088117347651008
35.353679605686935,0.40204276792963545,27.405327791791038,233.75433871371482,0.6060570310297493
30.232547209116973,0.38735890689001334,35.984322907621795,236.00740509421138,0.6333792763142139
31.258875549650345,0.4161510987842233,32.66421295046773,254.69314110742468,0.6537647381795095
34.32195474930098,0.3573997985458579,38.65988959422025,277.7572858986522,0.43918525675549414
35.141864872854555,0.3838711802303231,34.15158502627722,426.63081254514964,0.48639538896768797
27.114873682966437,0.40100778287658273,35.17597102073956,326.1906424045671,0.5197396676090071
37.22881232414399,0.36586177336111475,30.392991259026264,314.9752094100112,0.5445489732074499
31.523688848968483,0.4010043616991411,32.28875361505055,292.1718329797434,0.5457923594038122
25.845672971263717,0.41142558171029314,35.57055291330563,246.2232514991273,0.5527440409437604
37.91818141544816,0.3777127832526977,34.212799173487056,270.81156232415015,0.610349236364213
31.31432975434625,0.3955134710601477,35.358408676026265,173.197786164196,0.6623593101843421
32.243441730375025,0.3878324397572058,39.222388145328694,255.5105441231923,0.6000253403251786
36.99196345404674,0.3616929678522294,34.19490990346383,254.50365911564708,0.5810934459714666
37.64106652176961,0.38385136867353253,31.46412588180823,237.04909584555517,0.5658435638197999
28.76544048849105,0.37509534265333183,37.61669669384379,347.8083341607714,0.5254864426854322
37.18568502102722,0.3928524672760931,23.458894209705633,313.4969492504068,0.5333832434408816
27.859303887481904,0.3913705978194356,32.11643374516424,457.90568232884755,0.42401976080327053
27.261543451991226,0.4006766308658678,27.356136308766455,556.2506938178652,0.4502206020253614
33.52619793438883,0.38628968725340057,36.532615328425365,239.51745871213177,0.6943051109545166
31.24717706011002,0.41020609567868577,38.73299146737717,206.25540403092265,0.6378433593809147
26.332047596009538,0.41392922629136875,31.835093172748678,230.79649524640166,0.5969901843597927
39.724545675095705,0.3999969852405486,32.3638940609075,314.70636166377886,0.4408815029936829
26.58033512513071,0.37607207940699605,33.8580641091126,180.5313590806279,0.6920076506918484
24.674503641921646,0.371675208888971,36.65905514768141,163.71121113730482,0.6837680965499363
34.17585276932199,0.44030269608987266,33.69766445839842,203.97941383980486,0.6240596967643111
30.2394823527893,0.3687746949260185,38.29119798200986,250.4787072290612,0.574181978599397
37.072673206673265,0.3823601852790667,41.267281385700905,228.26316628561798,0.5161482422308062
36.884667969005676,0.38829092016693356,37.42175344163238,215.1972329721982,0.6233499310556071
31.792849045096613,0.4185829133708005,27.595309024098718,270.8216321622268,0.5537104843630245
24.96545387190105,0.4211042388807181,38.24955947305151,247.118489259624,0.5942656129049149
23.623539478185396,0.3922685889667208,40.55999459511852,245.1411396421982,0.6395534501036289
32.123631166137784,0.39010669626273153,38.15624835482458,176.09815241091297,0.6420731444772626
31.193686326324848,0.40601898413844867,25.498056557059886,206.48776814553318,0.6470978254347171
30.44820192577458,0.3685607557247699,34.68949417449517,182.8309885659086,0.6682000673486447
31.516036864145402,0.39363793474335307,28.003775113261806,206.65339315140454,0.6562364705690054
37.222296113785546,0.38674855126366253,36.46147778838678,336.5865608256024,0.5567348780172564
33.10295411660534,0.4199166285926995,29.336756719197222,207.0964783602239,0.6436747517430593
26.68248389852728,0.38433409777278765,35.638095149628654,221.6204758639949,0.6339834746572344
27.442139257411426,0.3727174893372665,36.01172657006545,257.16924696952594,0.6194089243575726
47.6998606668068,0.3653085688381523,33.79200867467424,266.41607255099467,0.5265386344078015
25.885573977342034,0.41529390419289763,37.20956933714107,332.3951071831784,0.4942686411058965
41.415615548435916,0.3315410879857094,31.34436593697659,380.03219729996744,0.5576504741138069
35.25468030121867,0.3785845291327228,23.640962922006477,277.5330312036998,0.5397192951439026
40.132921076811044,0.4068592913641951,34.65389935295659,282.66618734510325,0.49583958108967513
36.92067140269278,0.3662469800133165,23.315145715257803,215.24211772745784,0.5792143214341828
35.36652088722472,0.3713449581074744,39.0188359018852,264.7449072384485,0.5219523124059676
35.54364998686394,0.41462999475144385,35.75398201114279,195.7825997825433,0.6363806975778283
31.087888804665248,0.4047951252420424,34.43409542374177,173.12076160519882,0.6642076431424391
34.32013506987805,0.35363611527001554,36.5329440111585,491.7790941813254,0.4555021326784432
43.43522914255907,0.3655944681154953,31.6457146927003,241.64818667748128,0.5763266704249165
35.77604544797084,0.36400985503342004,32.79452846097406,145.07380951541586,0.7122375381265358
31.463045059594585,0.3398284443912941,30.066456650193654,457.4667455915139,0.43468377983146705
30.1987384652285,0.41094497986345746,34.279436629740395,297.4679924151837,0.5919021831621014
36.97926636275774,0.3991894488565568,33.42764515114205,222.56882445176373,0.6354616065538418
28.947724086945424,0.38237208009065726,30.439616314822555,204.19343270456875,0.5962645708646441
31.08584210443905,0.3635288287916755,30.18280374673171,331.4550184624537,0.5080603173689987
34.789473829734476,0.4238089646840243,35.16185136839627,278.84339498683005,0.5467621030400946
28.58589823638321,0.36786511900670915,30.318325770972574,215.76159023477248,0.7122313428559953
28.362021983531456,0.40208939145859784,28.746351859172588,174.55632104182052,0.6477290169534925
32.903481668406734,0.3916718670469642,32.79072011330477,198.6950204038993,0.6164780805188248
29.536323385343906,0.3987740945030736,39.99937507253736,163.9318062095952,0.6526194145875279
32.209751115938595,0.39920940505911956,38.6814618061178,154.34541594977387,0.6677802648891242
35.94712144806395,0.36277837935267426,28.053154007033626,331.63574614026044,0.5503644070222334
38.9120224842233,0.3559427218318804,35.330357414958534,267.01444941887496,0.5942899360813527
30.54218957936339,0.40746004917750966,30.252656020186517,242.03384693557035,0.578459614032591
37.74096589857594,0.364209363860168,33.71508464310593,321.75291671920684,0.6109330751748538
36.378144519028424,0.38413015818929513,28.88297413980817,288.4934460646502,0.5608173583923928
34.252094395015284,0.38670579490690915,31.06870893659756,324.9516749418564,0.5141419061604261
31.479671332230378,0.3687127308296161,27.010683461946332,429.1933470911825,0.536328794930577
43.666988861792866,0.3732403426465651,19.647543946817702,312.78947297150853,0.4860385464447193
28.362808889486555,0.39757906795583203,42.50245299353108,348.24963062796456,0.5841179724876588
28.371483854090673,0.382235919030184,27.60339773929419,358.8627090034779,0.48650153799642504
40.1876831066177,0.3559955553705054,32.47595920287815,348.07307032383886,0.3799269148133505
31.684681470660745,0.43937058129013856,33.91353723873052,179.444401259746,0.61672686391907
29.588263385053192,0.41307569097485375,32.938545877075825,166.52729596168888,0.6475481804863559
33.43773626296113,0.37014500110399806,28.316765200561946,469.3601064587954,0.37276465750830223
31.702044964547365,0.38969996633448994,22.30151206902391,444.453992021098,0.39689842421362664
37.71044519274078,0.3641634036442848,33.427079168350176,380.1106717679728,0.47639206879333157
26.422733303014784,0.424614180688369,31.299422254320746,224.43565405265895,0.610959782605847
30.671295077925127,0.42824471230837424,38.56813479426015,162.84521101131492,0.6243795764268288
28.271195925004672,0.40829706583909003,24.544460060562304,218.55915841149067,0.6151406408251324
28.744053046932905,0.3990717062053137,40.553018444792805,275.63590416374734,0.5692701227323947
26.40750901590787,0.3977768122361269,38.87336505300452,349.3539711273183,0.5632561431228387
49.129806243212066,0.3582808586963114,22.040230000431382,162.72562619851362,0.6507144230482493
29.12774587966444,0.371392691076118,40.010101953054956,245.86355787776498,0.6209104466121618
37.08931910047888,0.3890939592075213,32.65903904213029,254.16217315222852,0.5378638575782542
31.402843116981057,0.3799272148803354,24.94641853580012,397.04465706888794,0.5363703233393197
35.76703687970592,0.3977176656243281,26.522657208069127,318.5709184700797,0.41203425525641074
35.67389349368582,0.3987006330431392,25.79617998866679,303.4930682732604,0.4102162483151223
35.97800027264659,0.39467039434324014,20.582367027730864,295.9311225398851,0.4105634154596008
37.76428845199324,0.39515070917922623,22.59914398118397,325.8108555624144,0.44848095629566304
36.35374786678176,0.40571757269885206,36.10708560010245,285.7772421393346,0.4818075993789201
25.481651954812023,0.3884631545207409,32.411292587080574,313.1093178063718,0.6258531372939778
25.741762067729123,0.38948443011664474,32.28880133547962,317.50289072955127,0.6329798387464555
23.967755787012024,0.3945050379281056,34.055055771605716,339.80555589160247,0.6033076560598923
29.388954582611063,0.40643849896759987,36.49925269313727,203.83799642742986,0.5856837876840528
34.400385274848595,0.39289368123259844,40.10725392504982,276.3344259447255,0.5931381776273759
34.24052486194499,0.3584480038718646,44.25948291300704,241.6228639889424,0.61045845993297
31.679628483297353,0.4093014128299417,32.7017407488156,301.81897245426075,0.5330632602269841
29.87858534615767,0.3861379998814747,30.747995914644832,245.667100146374,0.6004426945576894
32.07108140587428,0.40722101357223134,33.829506368630895,252.2813421621297,0.5217768531992939
36.75665965912558,0.37625624994642515,35.73907315736324,243.49775546093298,0.5315818689064206
40.211358260063776,0.37967817625918127,34.292913365221196,293.82256838964383,0.5794668765614479
33.9017389299131,0.3928965721462162,25.195197723233925,391.0361952182798,0.4870839181499002
31.225809569319377,0.3907692934018432,19.60897355765044,452.70984316608946,0.39917949807207487
29.78883269841541,0.39945535335440185,26.59629608829138,447.1755880159086,0.43848552926467854
41.987705838407365,0.35287742503714864,32.38932144208207,289.63348463799434,0.54727617204869
32.40554805206609,0.38256105986747396,26.36094125012924,312.27865613855147,0.5399602800408033
37.52947657992643,0.3956527113599646,39.44545734184149,195.84346259326597,0.5800023167935416
34.09693636748561,0.3871173497262388,25.144579450377606,305.24529522889725,0.5163659445590452
31.072694887088723,0.4000222714865646,34.8129062828688,249.74234980222423,0.5966744550711245
29.064623949769956,0.4093724858286331,30.08205599578364,364.8555951517751,0.47971901625351066
31.666734615592322,0.4173671413442905,33.69640165376611,316.34349297065427,0.5559432943948719
27.899621595366106,0.39489862138515164,41.32627748997643,269.7242534244547,0.5358655029068267
32.845807842353835,0.3913762349134627,23.260358664023205,208.2184460728414,0.5480909755379568
34.13259852070581,0.40412661507365905,32.02793998731544,370.20959687230794,0.5961073497101387
34.37760436329099,0.3847165445604614,34.809498866873376,344.1105470626639,0.4804989748332976
32.68557259304287,0.4047732875216603,35.510106830382796,199.03311716898438,0.6050790957557103
26.931427778571866,0.4044766104126124,30.244326044804502,350.0809369737182,0.5157631165261294
25.93920659174163,0.41428875428737566,35.30835839097437,479.08062164499427,0.47865950607160196
38.78477078977002,0.355288714013852,28.642761537572408,217.99551798927382,0.6073340267219821
37.2662649800915,0.3865703578027884,31.715986757346784,245.04418411301359,0.6155994137224431
30.1806321885178,0.40344406811717426,30.810630472535884,282.11867803361156,0.568439686408473
39.2335036957738,0.3562767520092549,34.660280858952845,329.1073756635668,0.5556404500413018
30.905320456901592,0.38853562943199993,27.343216569287428,215.29122067149197,0.5855622497191806
25.829743949271727,0.4560847980741025,34.64755357857467,213.21593026656527,0.5849777661138637
35.06399612251834,0.3534531306338596,30.127680242908472,258.5698460680032,0.6122063246737223
31.63966963338438,0.41775295272818347,26.524558785398018,388.0060083246107,0.3968073200782932
26.627470451143367,0.41625300539958277,27.483236330925,411.2034644689328,0.3036978401940719
29.11475765290728,0.39225372420254223,32.619905487664106,197.607886676962,0.7044120391309017
30.19246508029887,0.36961583629900674,37.5793856641651,341.86170567303986,0.585629827546618
40.326180028012274,0.397914964726548,35.6351169500567,298.75238473982927,0.5163421372172107
41.817745771040585,0.3979532200481928,37.11612377520694,274.058580630648,0.4888550482030127
33.911075563714164,0.3401493427509922,26.00142348133315,218.45139427900585,0.6825159590927492
27.28466023299619,0.412937129741318,35.338768009142406,262.0890710927438,0.5834170281048131
42.226931801359214,0.35939887804441567,33.37950847904604,406.62755330236973,0.42761218338345747
35.911236823518365,0.34429979786028303,39.270514533647,365.0819275745246,0.594003215630247
49.66943175897398,0.3414794668661634,38.779377549979024,243.51826566445874,0.5510150049576249
33.70723986298544,0.36144703726662447,31.269046547676542,283.93280858421565,0.6451558684668087
30.909916320242687,0.37048196323722216,29.790024870992895,263.37297859368607,0.5771754216700073
32.236615869375186,0.403328038887457,28.155648770770533,441.0336812082286,0.41825149741218676
31.045694946316573,0.4063167480563955,34.48464946351922,196.90530918857337,0.6555458245847459
32.90848325496277,0.41972119823786713,30.353786469893993,178.87440380188184,0.6615174440469662
28.77415950543992,0.3572277635983406,31.917404212711233,584.0764022266857,0.40934455588994806
31.574433563137116,0.3832687726677927,24.9124596169936,487.74610672162714,0.33709057710246637
27.25313291225034,0.4102269588497015,29.266787751693418,372.06517517367854,0.4816130864524815
28.969833345884577,0.39854231987985805,34.36187616675243,216.90366797477589,0.6274188712004838
28.863808888626195,0.3911039575475115,31.96696690158563,165.5648353970072,0.6579344295835857
32.05634419660023,0.38949441442014726,33.22263781727466,366.0565413419318,0.4681808383663463
30.25169923883527,0.39799282702861827,34.40370478564644,262.3507900309677,0.4939182449198747
32.74326970839185,0.38522503146575676,24.11541121843324,374.54540979678,0.5328269447076233
34.08365368185478,0.3705898079747887,34.85696026054112,274.76076855185113,0.6407984323669721
28.745496228814034,0.40793789145918696,28.17827940628008,288.98047226161594,0.5550631714466463
28.2451304679787,0.4450939202826914,34.02166997104343,349.8693470816757,0.380664599054436
28.273378617662573,0.36455204892580884,28.530891900280658,525.8134598967252,0.45334402821287445
27.82711049687157,0.36658963924751325,27.555087123715012,490.9502792894319,0.46639719988331246
32.834237111345686,0.37802980809618864,26.99093278465793,372.16100029486165,0.4887794908312119
30.51995338321291,0.40122485659702206,28.30298024027959,377.1065239011184,0.42609741858126404
29.883778257626613,0.36600843204731515,31.616635661050324,220.2881114958124,0.6625360521161522
38.49768777221664,0.43241756135103687,25.171457121502414,171.95349230330575,0.5863038175451603
30.14397279950831,0.3924970724050336,31.556169287631416,276.2002276716584,0.5923432053530295
30.78228317778913,0.37276085472764153,36.482430600101,342.07783804911975,0.547274129946924
33.00233693704468,0.40593093677317327,42.55724966665411,244.29202957690092,0.5846004465888662
29.806306341921175,0.4004429207692048,42.71782267785542,237.03131923290422,0.5669657975502786
31.710646325038407,0.3920039536162056,29.604386727337523,226.55376993021312,0.606660763356118
31.517489681724815,0.37393542496773985,34.88646462226303,219.2439283327784,0.6168990849790509
37.85441368292102,0.37431151106177435,26.148138053116494,295.6409437816946,0.5766010626159082
32.84885387333732,0.36028578971837577,24.745694972671988,281.55957677435157,0.521577003853771
34.874439888065325,0.39910996790527675,33.03492986517517,333.3077691577868,0.526760939300029
36.12856047380635,0.38527013332751286,27.38112904937987,351.24118495942594,0.5428221569328113
28.652060495833325,0.3917546732547365,37.72222988126691,321.2717111279935,0.494517220844968
29.07291782188638,0.3916847509431385,19.745945984675636,390.23179746997806,0.4329911518919841
38.44452498943806,0.37435495994012197,41.508665401467056,217.00256555679633,0.607567639294792
36.1163216039894,0.357484424841278,42.40829589251751,292.77140180318213,0.6096288353025173
35.616001598834416,0.37563087193157785,39.52441535666863,297.2358056715977,0.6102326563422701
30.900074875701616,0.39204970307054715,42.21225468143143,271.01411699489375,0.5651791201692768
29.860767883483106,0.40455394560092706,32.23760504008232,221.52175283550082,0.6166543507136771
27.55497463698022,0.40759255436409075,32.239749774719925,267.4474136665512,0.5469137574066671
29.5748892550278,0.4322311873270822,27.964110571941106,297.85296013071365,0.5115263587279487
30.60817839968167,0.4150015062671512,37.55748742735437,204.43518979320777,0.6662391587454007
33.527697895318326,0.37602195760521445,22.77091853734565,358.3291115402884,0.47503531394000353
31.228630119944096,0.4136408593048736,30.86400886622144,354.01547534022825,0.45718423261695323
23.430434026987395,0.42501289832843747,30.474727806367277,392.6903373191122,0.413871875906402
40.26974255821826,0.36735259825439814,27.786328684366723,326.2242897165715,0.5688169636363967
26.95810818045242,0.4233033128052549,36.503641960207005,275.2847786515899,0.5967520680587972
29.718450652943204,0.39551189354431826,38.69608890703038,188.22163138989865,0.6512104718895866
37.42100591474129,0.38966549249036475,21.498767726096002,168.35935583314287,0.6585097936908267
33.58826806676348,0.3434658415300581,42.28195963601904,378.5045108078955,0.4833143306620708
34.374653777948694,0.3642215361144369,41.175215095142875,253.27263456517102,0.4381034157028253
28.169436286921325,0.38341969419484073,29.377276515728624,229.37004291778828,0.47797934653767443
28.169436286921325,0.38341969419484073,29.377276515728624,229.37004291778828,0.47797934653767443
26.10666710676013,0.4552556999687152,25.414873829401,441.56192545829407,0.5411764117858444
26.905465278420312,0.37781232959219446,34.4295427025431,281.8734664603183,0.44188214180833035
38.78736832539158,0.38266874997089895,33.18298971572253,399.7032803483649,0.5898240947195762
24.58711667702643,0.41736512989672486,39.06213116234132,279.4642517892817,0.4039086500791253
28.829889941971523,0.4189895496101519,36.57340159228345,311.72040173262076,0.41214487568019087
33.97854986684249,0.35029976693707476,27.118040328732253,462.5322853639711,0.5009001196956121
34.02804231276283,0.4118248145373342,37.65232835568383,291.27461134011384,0.4901267929449899
34.340846974365434,0.38580255437075234,37.91827349626396,279.27503855146955,0.5036013581516205
32.29636978456203,0.3585970807987264,35.54065503009251,205.28696052683276,0.6013855842129363
32.39042226943157,0.3914710695572683,22.558147509388977,414.9598868097635,0.43499890475448055
33.397542590968975,0.36200570957985034,26.09170235648037,271.72298735133955,0.5772903962879365
33.91440585820641,0.3916980223754698,29.573736051565557,297.50038720803883,0.5507420030971761
29.881027104167487,0.41702691259277325,35.31576461098639,195.0230623196851,0.6133846454147328
32.148805352161794,0.381550363497972,28.716032365378506,259.4054919597041,0.6198548641661026
30.11462286725112,0.36844365212581076,31.792447740246406,297.65005454354065,0.6607478918408357
32.15465095985246,0.35202457372964213,31.90608694393447,248.26345537865615,0.6160271042304649
28.655222325155734,0.38465092595954914,37.319583346338604,302.11771940656985,0.6071585287043617
42.12312495623234,0.3407751719908437,39.498511056505066,289.1844994714231,0.5521593442214298
23.84237733150653,0.4670982383792468,23.230768331223977,261.68745226047605,0.4711994724490969
31.165420195557683,0.40085337528675125,38.399137184584895,265.5450103897166,0.6557600107517727
33.17627709090542,0.4144501344380938,39.27718914749745,184.4003392719368,0.6172838077564092
31.29202810713715,0.38503379488444617,38.07772641657782,197.33498513055275,0.5843987289824474
29.398577903603595,0.393463843176845,34.34715129639074,444.49446187076563,0.4358009766855089
35.71779196263918,0.3970879184337578,25.984532333049046,359.1134324650641,0.5115776084156842
33.8924483319087,0.4025616287024228,35.33732975605649,195.35153930196793,0.5933935807191179
23.54416012552487,0.42677323127463357,30.376289401373604,235.8778275752382,0.5837133635134351
34.286393407356904,0.39472577476686777,38.2699707369256,293.48280288770513,0.5567079375753613
25.42828361263893,0.4054562639335947,40.55356282118933,327.6828346878947,0.5291914280284985
26.497919571542322,0.4269229202094983,35.812744579408076,248.71105542178128,0.5780481526868378
30.784207893482243,0.37577549607936717,29.297619089356875,321.20145278186743,0.6047201211892868
35.391888879434774,0.38903843499818963,33.075303542220446,204.380794120733,0.5965926285682972
48.12893366120543,0.34367637652268374,36.82397325969068,338.08618283986914,0.536273020072208
26.991970416312984,0.3887703115489465,40.963029069475205,276.4393550733858,0.5974497584333452
30.820372131869803,0.4331106876606755,27.900765744334254,403.70734846054387,0.4466939177833104
30.127575353261808,0.38093973677648874,31.944629061951858,318.5601547347505,0.47156092245468634
28.625621883703037,0.3767605098405082,25.587433353107,245.12220110804083,0.6384121123436267
25.982037118992487,0.4441557423798873,43.00192132208425,310.01832629095355,0.4793547188800645
22.25625511812395,0.41885149134147565,41.77490880810273,326.02695430546163,0.5210110030942073
35.88094827359081,0.31621814301680995,38.292317277475576,322.788811948662,0.5699899630117792
25.537777675387243,0.4623477116938336,24.709559775766365,194.46410997245238,0.5198156357151484
23.1794382695101,0.43834133220989563,31.28446700986318,309.7104365832401,0.5915934673157673
23.817127371414955,0.4249887450608813,30.995987923789336,307.8598119833208,0.5692564883754041
31.243703716224566,0.40792885882082197,34.14538862325214,221.9691531117455,0.5383596332618241
35.75737505008365,0.39135599324569775,38.08205679131124,206.1119465467374,0.6085997936687065
37.955647317440494,0.32831903175184357,25.602683274050335,210.74894142357863,0.5825134803773676
32.97591876963408,0.3873693265410917,34.05024934165428,466.4080297750335,0.4759156313867956
30.45233300933757,0.37065395851900057,36.695866610544215,433.1266437749099,0.506057901111013
34.36587160167797,0.4069219855514864,24.667099819563873,217.86052639800906,0.5686671757226234
33.254901151816696,0.40692314255954354,32.08686457550339,263.99831743566,0.5191627429961667
25.193952922107766,0.39154317494664603,25.87913681749227,294.1775876941957,0.6448530987290227
54.39801388270878,0.3329546297537214,41.202377430424384,330.41030993531405,0.5396754881420942
39.48918056556803,0.32960627925801367,22.783827142019078,281.1701408985287,0.602395985036752
51.59177023926786,0.36174114813054736,25.523616906014713,264.1154414063585,0.6218272992650199
37.78673592794925,0.31853202697280597,37.31663301824023,231.3675215096462,0.5905830696549225
47.750746371649186,0.3662590945995555,21.168171932610367,260.3765070760882,0.5608522162369335
41.89773541274194,0.3506084143528499,28.58453513144799,257.1397551345422,0.5744103280253756
32.815790690628205,0.38584661167449574,32.337699795655105,317.2712657008062,0.5445192465543858
43.66402090361504,0.351356771151393,34.474557427717265,236.9340732803286,0.6063625013682229
47.17855266740665,0.3328651863664375,37.11217203456191,258.6146531115501,0.5599407330550372
30.27403172726386,0.3831903070629662,32.99924027506201,194.85364360536659,0.6345303840417492
25.796291698988963,0.4182447756454633,37.75577448485723,291.8718219934436,0.4964179279995644
35.497521373682446,0.37882163585490336,26.481398562793,245.8264243724612,0.545013969987289
37.44229267377957,0.37481973505546823,28.352190515566914,309.99837520583077,0.5555408198427659
34.4760812517335,0.3821430179225893,34.51196074595506,274.69003704384204,0.5018666913212007
39.2753297523104,0.3818612111076022,23.52753596471265,287.07474594289596,0.5821612723745387
37.34708418747258,0.3430794836115517,39.24956045564934,351.1593270073705,0.5360836659615859
31.942325881727324,0.36524430990638906,33.61578349180442,363.277529474296,0.5764011967691134
30.020732176643726,0.3606814393257359,31.477122312716656,276.2122538112623,0.5064435176855522
32.13172186689877,0.4059234515511638,37.95838373592963,200.30266011580284,0.5588098403078854
43.65270439716637,0.31031202677770575,30.5182174362265,212.35131951049192,0.6109057170258746
21.621416006492158,0.4225356991248855,30.930847558215294,247.66837594253298,0.5270415367773784
32.84435675488592,0.43298917570889084,28.821646327264936,305.56769327671736,0.5624150670550294
35.99609988232862,0.3759378673994262,37.149932996994096,292.87985291693354,0.6293224955356799
32.610689065011584,0.3916569908038222,36.92578653880254,215.24880424138397,0.5661644519158565
32.31286473073993,0.3910476668124383,35.33500897352336,299.8652930263844,0.606703926908275
31.957945384654504,0.4050952488860176,40.77170204289784,246.47038244391257,0.6040966547271869
25.886840639115583,0.4269962246119376,42.31817097405181,190.11464237102157,0.6523486561776861
26.103800006732616,0.41751920217993604,36.618195814024915,272.1341049225872,0.5459695214454984
28.868287747994074,0.4137979550509224,28.813453625608652,170.66827853038052,0.6269340934074353
36.99039750724391,0.3800314057013829,33.474041300790155,249.98913905606233,0.6179795418517431
39.80849586664979,0.37579517090804815,34.56263391434021,307.89660821827624,0.6545072388471104
43.71234581548158,0.38310881572968697,38.51478759276923,305.0601735405382,0.6428933237349366
38.5927536036858,0.37613004303156866,34.4257534824742,290.753867902577,0.6503415259009293
39.39374018534797,0.38741868694755116,29.680448208046496,221.89501821429292,0.5573045127072532
36.69643367110648,0.3780480440863597,29.82008737595965,215.10938715373243,0.5904585312157391
30.90354433521422,0.3895586333925511,34.437738603660215,297.0151147171741,0.5783421453541405
34.30473509393806,0.36328937462453376,27.395706081353897,286.46238205639213,0.5817455665986919
23.376310342368964,0.3948128135227971,33.43712645697382,412.25195584738753,0.49960394264873215
39.51777409086617,0.406239823488653,25.302810394574696,195.49321296549593,0.5745933409232051
38.82878735651614,0.4066829239185992,19.211834582410834,200.80698411213214,0.6061358265331217
31.882682877518626,0.38948455243673347,43.446388738642554,333.64951867456375,0.5379299792031951
26.13289793683112,0.38331248295737463,38.764740943938,248.9014621434842,0.5288525556641901
30.97743053772343,0.4065330036198928,27.220797196201346,167.07065772800763,0.5374486736319867
28.10490884997968,0.37059337326466907,37.428693807339826,241.2124978025255,0.5021056298910813
35.59549284874597,0.3788340374872676,36.068562341996106,328.8564000715429,0.5932599858434356
29.051797835766845,0.3951213264947718,37.30800811798618,244.96814957123365,0.5752677690458852
26.627599491691615,0.42325685911909916,30.213148044808293,210.85337850294857,0.6061079678861143
26.932812175906918,0.4169621741565588,33.24472784891425,222.37230713539194,0.6061866044277071
32.798149376238115,0.3769361872646341,31.659249557829234,217.15718045659366,0.5728801889268964
28.90684467512028,0.38839411886633735,38.03889070222262,297.0053143920168,0.6614837072233006
28.692487696266475,0.3788310006129611,34.693031357451986,256.987743122254,0.6081376002922221
27.57286455945499,0.36079393105960716,31.05469779308213,280.4098755668586,0.6193668677359782
32.01569885210495,0.3745913303081419,34.819757170933784,289.8095271253066,0.5799718627326595
31.383666688558783,0.4168940335289662,26.33649763929715,301.5878085039658,0.5314332086406285
31.313542383891477,0.39005451042468997,31.326203386869484,231.65816977794236,0.572217275821202
29.24013625515928,0.43910864392164567,34.59311185709669,224.64439472044737,0.591465249504628
37.56819889984083,0.3557551999769198,27.1283834908692,196.91021089641583,0.6486253882034562
38.88504210794907,0.37457427740363863,35.29277812484621,282.73706348181037,0.5895655790315637
32.40182949462699,0.3863467480172869,36.25216333523052,298.5712048009505,0.548367581302318
33.71717621975653,0.42243750341456243,26.72629812509704,222.3924424281104,0.5530270326551047
40.07188521428996,0.3662830280612847,25.05376256274448,234.76696334572236,0.5642231923541731
35.233740345094574,0.380696717580396,27.63932452026723,324.43951741467004,0.6034574632821538
26.40632941139124,0.3942237987695869,30.53162192295284,363.5349412553507,0.4383369096898431
28.625550763436042,0.42761543411854,38.55445345350866,448.97518862992337,0.36852964827472
21.902196581483405,0.4111044247491232,23.54938917165602,262.7790434985871,0.6006051863192355
28.870658384036172,0.410109831200114,40.92347802536717,343.5696243608521,0.4741024750658104
25.74119491415836,0.4275986164776651,20.337343321038777,280.90919633558127,0.5218829966782929
28.468399548576908,0.3880237158380743,37.94770071312046,468.7448837473362,0.45332541849660857
42.170403101488034,0.40607786098015747,29.14917019050349,320.83007660443826,0.5490893501185928
35.66084660140998,0.38712192894400765,30.926386022226087,309.16051050885693,0.5181118804849534
29.120372207102648,0.40264317018322626,29.01763575068353,279.192658940757,0.561937606357901
24.878461197693913,0.3581065272850366,30.430155962566,291.26420479279955,0.6092153555993653
25.780712864916627,0.3446824179226245,33.437573986160906,330.7506166533075,0.6598612140962101
35.32349700729245,0.3671975371049772,34.53110299831223,193.2787237597126,0.5917556018654755
29.754939741120662,0.35198489461591653,37.20802160961158,255.08429450862218,0.6272896410128558
37.83396111869119,0.405199562874669,28.83927856671558,317.8007656538671,0.4960129476665766
33.87915368577566,0.3497348780251732,34.78395074760855,301.2464608899873,0.6145138885039673
26.09559331498031,0.420068784513694,32.89410332537042,230.8223967214061,0.5881770099374578
41.97450112676646,0.35780029652846296,26.60528489888718,319.9406911550475,0.5609020891893906
26.823920252815444,0.4249533676060742,28.9055482465023,259.1598247356711,0.5489505796901913
28.87813229326604,0.40067359973573635,30.29900629167215,393.4726511484622,0.5008048715803476
27.349485052342505,0.4291310574181069,32.18817710554848,275.3718208611858,0.46837717549245345
27.33909579672448,0.4174115205774394,29.952034810327213,265.68636995860663,0.5936569170977551
27.346579911120617,0.418787977207086,30.689620281280188,224.48786533513507,0.561805725373998
31.114841344416018,0.3716925808152995,29.593160291481205,355.9726214814753,0.43940436095676183
32.850372197648035,0.38326175642513294,30.831479569936224,200.1091031325455,0.6445205672815516
44.470486104677384,0.35039405943971996,26.187829850786013,263.0308611131742,0.6186285382168835
34.92157946466528,0.3697978642145119,21.491026529302722,170.88422964776862,0.5905907458814437
25.023918711639073,0.42185763392693976,43.07131562415202,265.25044488287296,0.5357163252559942
30.074894661729587,0.4233948796978427,24.620047320369356,218.93935705365067,0.630063250148722
33.31875382927496,0.3670859955555079,40.33484307429247,348.72196734594405,0.5168237454363601
32.98609344784626,0.39205606374611013,37.93992953395321,247.73050131657806,0.6083512260706149
40.47016220176797,0.34930433311381565,38.093551718438974,321.80381395453134,0.5737909773140399
39.765013703582106,0.36195134674358215,25.566482070614533,285.2357989040513,0.5557743494019574
26.508289854695988,0.4202539319408388,28.827492564035932,295.46357954804716,0.5589307114931937
35.101704021765926,0.36957758707425736,31.46209479443628,339.1159193429843,0.5357988572312021
38.818190450675665,0.36919115671128844,35.80200060149757,341.21869290345796,0.5611042064729311
29.37363689060115,0.376108341738465,23.473906534984934,510.1305627229479,0.3420014549825299
37.17398709419521,0.3838310427510978,27.417320310624692,445.93097719534904,0.41284762402790426
29.509544878329205,0.3827200863103347,36.92480620137023,328.7766638080466,0.5350160135963331
31.140717905148133,0.3866246646756014,22.927001999854074,300.3872366858575,0.5818244002027377
28.274206154267414,0.3984510041880104,26.64600156986389,285.95574441796964,0.43870500736176726
31.823995759899443,0.4384825039214976,35.5585651079519,254.6074720668653,0.611620557912161
32.873385835473044,0.3963244511968584,30.81566725799549,199.38719157609933,0.5962359509796852
36.14443733136914,0.3729132479666384,38.51655418546868,202.40607622006323,0.6715754225295886
36.08857759894942,0.3591928947353948,32.92397890364257,247.7777891781863,0.6331237252606279
31.748088311048935,0.4091508356639047,38.817382300313156,208.4054324655298,0.5985539594744465
29.663193804633405,0.3846403727984338,28.462823315418387,275.27518081157467,0.5298196882153116
31.69690896317342,0.408634203586502,29.020634157247592,313.701991885943,0.6567483567588212
30.169861956767157,0.38918214513510463,30.565685319305345,236.83140577057353,0.5115392159887636
29.20312320604346,0.39636489824691107,39.481470523373304,325.4847992314597,0.5434496824586085
30.41695944817766,0.41391003440256197,34.89061140800482,219.43373457237962,0.6454684852340304
29.23438148399603,0.3962815791927135,42.41443433869865,327.1656068587937,0.5480452305677723
37.56083477168103,0.3758624691456199,43.42744262292444,315.13767639455955,0.5665557510186242
33.77860343303989,0.37223912380836094,32.76205473685966,226.7699967751434,0.6336486339453771
27.708147875865677,0.40290370187784863,34.458268832583094,282.4779682791449,0.6017101967017575
27.392159568847546,0.411092866104269,32.23836795825618,330.0962293583922,0.6163022903387471
32.129903523819294,0.40776857699912966,29.374535409699796,427.1918841091591,0.5021355272662623
32.18371569920374,0.38775862890280216,30.58673332605816,233.0051218629776,0.5910710024253306
35.65610473444406,0.40957272215691143,32.506866420342405,273.8917161288402,0.48981649251132875
27.92724050414106,0.40975181483649453,36.59801693856722,177.4682699218641,0.6808259451547792
37.043510564284745,0.36387693041658936,24.533982131418565,247.83685684300895,0.6007971407049966
30.620762096675712,0.42171962119329853,37.30473962375005,252.44141032474067,0.5617535101384469
36.04662582028785,0.3885229866486291,29.414730438840095,203.55567010171808,0.6017959173491346
35.926358678501636,0.3648757803215617,34.13188006443912,279.0769222750797,0.5752804485434374
30.122437362512944,0.3824588927443527,26.96076406155598,266.3335246359958,0.5488792891914609
33.00582739732604,0.39106109273340667,28.881970063075354,287.4191021666687,0.6027240889640915
44.64241011307835,0.35707983517052466,28.167349422567533,385.2504414759969,0.5010939127493197
32.35454874630139,0.3573956188667709,30.583930071957216,327.8742963520797,0.5416481744213857
37.18008077536902,0.390354537580564,29.828466594142164,249.04409109980978,0.6059298436317073
34.00399069181118,0.38793463166694087,31.789038207757297,210.4051222806114,0.6485985943259666
41.59786537979363,0.34839806602612555,32.05943663819607,213.13732361577496,0.605387821475492
41.45004380186753,0.3576798038636654,34.15479392603307,193.78911596331787,0.5820843923641282
46.257134390490904,0.34002634988718244,26.687038972389747,271.17970338070415,0.6527933579050316
41.4309977697914,0.3525745203722545,31.32490977093926,299.05434232169154,0.5012633927472929
26.122452217335418,0.42994117028602735,33.29608346909591,258.0635561001206,0.5370357046930542
24.17853657027244,0.43714816864486794,25.912595249339848,249.74791173335,0.6069774972594746
25.061786099453386,0.42057745382392875,31.203598765359175,261.0481765638218,0.6000949849803393
23.70137886023363,0.430835436515468,37.353355225894646,263.7247211461941,0.5138155767787952
34.23241536805832,0.387779143582081,30.816658821501008,243.19492811627455,0.6835251632312682
33.83347294888192,0.3985950039826856,29.080142378133743,224.4485749824782,0.6175688384785462
29.68989800729021,0.38722429514903,34.76450605502558,276.6601211088422,0.6022126502234336
35.289495941114915,0.3765011992867194,30.04599927252817,392.90020244852656,0.5021474921646167
39.09790500306086,0.3628639795877625,29.945741759703836,374.6203659436473,0.4965593160908921
35.524895031667576,0.3854280907001022,32.38150484722097,319.04993184919346,0.5346177199571011
36.2673175249518,0.38301639583559277,23.95869085224886,469.0212063539589,0.4779718786136377
43.45717918539753,0.3359944821677333,31.52192618726471,375.8414414869547,0.5210534994558481
44.14099166767557,0.3626875580105575,25.316139697343413,276.329082817261,0.5856302891424137
32.767109244060705,0.3755092298208448,31.799393297672896,349.26393472047056,0.583195794968776
34.105904215630176,0.408588042945649,33.15299426664437,229.6742254221779,0.5706125779591308
29.071128570657965,0.38713627458135774,30.367069972259003,279.3264381587008,0.55977959447634
31.193695175398666,0.4042722456750279,23.543907459992756,307.44088406025594,0.5288638703618976
30.1865317974084,0.39841886663833287,22.522469249798107,347.3972566309696,0.4949952027509935
35.10983331470019,0.3680680713761932,34.62065095728296,375.44784296610646,0.5269990090483118
29.939170429313155,0.4222979793636234,29.078451250903086,210.0381183248927,0.5625375369208978
33.65268100438821,0.3344833980119627,30.232704252936518,432.60380035900175,0.5076889870173089
43.25815725835965,0.36279359911460013,24.997336772153023,259.8574534687633,0.4991434129815698
39.79247145694409,0.33306586034569463,38.58764193533157,347.52525872516946,0.6166751309752577
35.54810381316547,0.3801146562020037,36.08674365118586,258.9349255163555,0.46730652515439114
31.572573582583814,0.38196051590741303,21.98431738359304,351.3069125233046,0.5676095510818967
26.00488027512729,0.37867857763025753,42.28602852157834,256.93111290591287,0.6444082270538265
31.84901668839905,0.41891911070928356,28.488272780692927,300.53736569671076,0.43792082744797295
29.809052527133204,0.3687219975542777,24.588022296687136,547.6412962420028,0.4238773876585571
43.22567945375419,0.384301222179563,34.05327962172971,254.17801595207573,0.6011214431062379
28.097740215155323,0.4036878635733272,40.139056180543776,410.08251228185696,0.552407261436288
30.606353977776603,0.37353092815441313,41.64511084116134,209.48704277604813,0.6275934603276023
37.243192239016366,0.36691060085235205,39.90795910054913,191.659656553936,0.6713662283838283
44.47086690201987,0.35039402540794823,25.780267334846936,261.1122825958914,0.5870442004227812
29.911757804510746,0.3824669359397397,35.85647608695774,213.7875154977149,0.6431873965495589
31.754057420021507,0.4096909655883106,24.24103196359617,301.7996526935593,0.4911143308902132
35.00807748546126,0.3926580384101428,28.007086528445768,312.86930302106424,0.5130110397680155
35.206988698322036,0.3650873138036613,27.547995818657768,556.4870723782931,0.43821309938449754
33.50214116477229,0.35371565098165836,28.92032719973078,376.82112176912597,0.5843983771153674
30.58105410043157,0.3837808329661611,32.02323419076056,319.2480462025924,0.5463314164469152
37.441716487894624,0.3914662396813152,30.097423695609596,268.05195367535686,0.5934902548072614
41.78406745370365,0.39327247734166787,31.992396151016294,267.5014705671292,0.6013292189821119
38.360126045153315,0.33877293368608374,23.465302705714862,253.40006224543444,0.5561079808172935
30.531496420588162,0.41527860981962517,42.87299064470711,188.65801731374557,0.549706926757197
28.53137355087261,0.3806036952921597,39.78260255533216,256.39584568629726,0.6132039860488212
28.707980454250894,0.3807672493569253,38.98043230962703,238.35114190578076,0.5950550096785263
31.978533700711754,0.4181894044491942,30.553455043506915,220.0395147038032,0.6098363348021935
25.982957544303478,0.37344735968889875,35.00790170345377,235.67672949446987,0.6089963916871016
32.17459291464646,0.3772021606845202,35.87856892958271,284.2293926756835,0.6441575047228001
33.274333621846964,0.4066560247870578,36.739874626843424,219.50552855555227,0.6362340314341971
29.344283073258154,0.384665279774781,38.64700925217753,258.7524933758174,0.5827795261391137
34.322407218679814,0.3712181086631048,35.22611483154537,275.63724935110747,0.5442048512676475
37.76809235203776,0.367002063899789,35.12714016547974,272.510131993391,0.6203475514540527
29.722153487018616,0.4031122512650502,40.903193314499305,311.2684337673635,0.5757459084100449
46.04469494967195,0.34509086069140976,29.511925416782244,303.52703547786206,0.5724389088511812
42.706074826413406,0.3609515890626192,29.322207449016016,344.5113997146991,0.543502732635943
33.08960833516274,0.36898311590653804,29.877893604122466,224.25182109857641,0.6071185073591554
38.2769713227106,0.36730525084320415,34.394910957997226,268.2215642632509,0.6825429130068729
31.479308150398214,0.38424854275107684,35.9291618142696,170.60255345724974,0.5758255939475011
41.767626020541215,0.34658224954902966,26.903891225338114,320.9150480778824,0.5788420867475713
41.472989324330214,0.3429895403173934,35.47419454372248,233.43239158376022,0.5550739635415578
41.44287304363935,0.36705748009796035,35.70537593362673,216.44732987406434,0.5838904239867059
36.84537768930776,0.3598540479970908,30.966610947986197,279.85257241127727,0.6020698106001402
37.70774376092583,0.34730073877113143,27.583234549897202,242.145470668089,0.6180521001920879
35.68625505919469,0.38013912831149715,35.36600831343975,197.13215945798018,0.6290340219698258
29.54044730287941,0.40902491689758985,35.86674243542071,280.5021783892693,0.5767714948542864
25.055029965829398,0.40421483381293016,32.71756423596198,299.60295943271376,0.6121349367762589
32.914267260979955,0.4103401208344077,41.48514960943885,186.53327637310895,0.5496809424553597
28.904343634333735,0.4032283567697304,38.97813633698683,269.6577167886015,0.6120010971613153
35.15905576470974,0.39905107095849973,34.02983553481124,200.77437246290916,0.5460900212578882
29.60744183983949,0.4211273470348674,37.73462572087476,260.0377654974138,0.5994897283131283
28.512462354417856,0.39987054883946815,30.64778391519616,218.33351826478724,0.5861238098037774
33.50981727833051,0.4011091742469707,37.21872675835788,259.3714904683219,0.606803591965914
30.912912516874304,0.3847632205536078,37.39534079127662,265.24337932577816,0.503730303707794
44.728910662490165,0.3509686814107953,25.25155258218145,210.4706407259318,0.6051573534864002
20.9846598083716,0.4676195118115831,39.931060277088704,262.45996419279203,0.5503012408188864
31.742132635019825,0.39353970924687465,40.34454411827757,341.4746748339882,0.5844800621982362
31.02719745710756,0.349957042597443,38.23621470396807,300.5431892981807,0.5845285474298288
26.17079917059634,0.457040439885613,38.629809858818824,219.0015593205056,0.5684294987629478
21.433629897005417,0.4335296424557201,27.21786218840359,190.28380247865064,0.6382106673537926
46.643773044802224,0.34071900323914284,39.80411104617543,253.69127611116912,0.5507717217324203
45.24722672638973,0.3423075243536389,34.38024542208637,303.8793076337578,0.5960506240618019
39.42943912308347,0.34154962585806997,33.806051468486416,350.3821302669724,0.5113890788072589
35.38448579415846,0.36598002371498883,32.6306058296998,308.6572680484586,0.5931933701504296
37.87833458361824,0.39298916057627165,37.39416014514153,276.27311895647404,0.48370804659787087
42.96128037945104,0.35457425823423666,31.087436379285393,354.04141586217486,0.5278460060859587
33.474349205536555,0.36692018749086847,25.117544190615934,581.5572212927395,0.4033876667795839
28.9911757428105,0.4098283905733654,33.43377938955595,264.99535705652556,0.5768477466741981
32.25035111039532,0.3931872055828273,34.32652419725979,270.67104824258155,0.5947936566790029
33.41260040517369,0.38641829584466086,30.347304002048787,252.0262801208379,0.573531072150094
36.06311740601197,0.3838813347505702,28.849640851126093,301.80067532689117,0.5770648441149124
25.05354481756805,0.41272065321649326,37.783568566430816,233.49080312892295,0.5762907958921016
28.637862839712323,0.4030682889188729,38.65438480205275,228.88886391566942,0.4788036080279416
27.25258205624119,0.3773815853406312,20.526792786647494,393.2394935491657,0.45382017830298116
34.150210639837056,0.40355209236627243,40.851916202131605,374.8280624517932,0.5359094464372337
24.952138333050385,0.41472926981740055,29.242389568296403,251.54072091105763,0.504392928849866
29.452591311818924,0.39583543403132093,28.642732300104242,258.5725532726894,0.5699769039772163
39.550391181539716,0.35938625072385383,36.073468632648904,284.7360625277711,0.5517994164716609
34.869663147829534,0.40783266682441055,38.743986547323146,320.14378068034034,0.4757704536564123
30.997791036185344,0.37900811676709356,31.957023816999392,277.95868190128414,0.5811551774937102
32.60752212168047,0.3997537054561907,23.18639248199899,360.70284289161066,0.40070416597205527
33.50111539381263,0.3849756037694238,20.26515108068912,407.1500796136782,0.3621556008532573
34.48543012549356,0.35908136633303167,38.20260848790257,265.60313448127624,0.5980094834626866
27.583967111619305,0.41451575608039487,26.37490716878931,215.55262813955363,0.5645400722586554
30.930454198929258,0.4070086331958417,22.010996303999363,315.03173002974995,0.5553352165137772
29.045695260810994,0.4045242073589087,38.50499045972188,212.83440040252725,0.5813635761937889
32.94396576564526,0.41739087105553974,42.15960468883468,201.51560838189675,0.6287688493876293
32.602076775458954,0.40426525684538117,39.25666485842342,239.8725415232026,0.4940958994290269
24.798222898102953,0.40235757072728623,24.896763554762167,372.2083937058984,0.537896042753085
31.480452001934054,0.4133357609135317,34.25216193067185,396.1926600858523,0.3829310114671
31.060811321153064,0.3653779604094977,34.60050649157249,150.2899330300429,0.7036597295775467
46.50714719880881,0.36784470176800843,30.27272920714086,284.7294746142314,0.5350575959297758
45.55209736215718,0.34936629176890377,36.58987501025769,325.07555094874397,0.5565169848767116
25.152506114095697,0.4287009765682719,33.95574445335379,175.34207436122182,0.6984381385337544
28.859495457252194,0.40942450629546867,34.22074563697573,242.25629034757898,0.5433155618591384
22.287211071109237,0.42134241155596813,29.11059108662895,271.4352148483488,0.6254444672419569
24.48897538244057,0.41121207412004557,31.042920898653342,290.30674003711067,0.5437275775747925
25.51157188396035,0.3759258805746315,28.59396921257363,321.74475939012234,0.5909378509619233
32.456551147821635,0.3888424825985976,29.72554379961496,295.34384163503177,0.5373795221459172
33.37917996782958,0.3965782915015491,30.77928746116705,431.6200646199377,0.45491111478986673
33.043954593770785,0.3946956523558308,28.320760356308366,397.5125947211802,0.3919602170263627
27.372806235954624,0.4028298562820578,30.326860857781888,308.56094359130367,0.5635367697901972
27.63274860424454,0.406861576761076,29.29196734414105,284.9883611711537,0.5596255670902516
34.490723490012826,0.3909731082571247,36.3560097749608,240.04306429072952,0.576995837851679
34.490723490012826,0.3909731082571247,36.3560097749608,240.04306429072952,0.576995837851679
38.564195439572394,0.40487979615679476,38.30325912247404,272.98674224921456,0.6218809531549415
29.291563958669762,0.39329687101877675,28.53676554220884,174.5290358000014,0.5565455071893086
34.279180793071326,0.3534286102211689,36.78776949552868,207.64268085151588,0.5623005658429723
36.44943207386589,0.4126838427571258,20.97967436163677,271.76590446852776,0.616195196371776
32.82270338191449,0.40760325541272696,30.532155293356695,238.03616712555987,0.510604882019764
28.139419854591786,0.3897317931392684,30.313503994650194,288.3986237982972,0.5294123029923649
37.145074207265054,0.38953865598066817,35.774534960772876,358.3100562038494,0.5217578869195455
29.902465370068366,0.3680937699939959,28.67640086819695,424.38653566611384,0.46306378751368626
31.34232173505186,0.43117790971466224,30.775112398766783,368.1196490029013,0.4999464942836857
31.62607819664861,0.4045140561107721,34.10449824255969,268.9784928664209,0.46844191762365517
29.314614777865092,0.39087645666820225,27.709696924294875,269.73297388374624,0.5160461075265591
24.876261254049123,0.41192419356199217,40.19857121247127,197.5930498139766,0.5762011890119985
29.622870977905933,0.43795973357744006,39.83912048115122,185.4257506444427,0.642862606130956
22.85086075704168,0.4253586982824114,29.512163663585987,170.09823770890657,0.6356702943196572
28.572931774577423,0.44015587116044663,40.161892268509064,215.02187462531242,0.6071886032311375
28.355943845510815,0.38366707066037825,34.74167137285701,347.5004888636395,0.5261664791118758
27.983599623234255,0.37428082745869984,19.889299790520774,429.9939532295384,0.4785478675369852
24.112370014763922,0.3682054909170522,26.32892920286956,368.7569404074818,0.442363337705866
30.411285105175427,0.4070873886045899,30.13704989391166,314.70599964227523,0.5222894194570205
33.61968296158478,0.3722771281843205,33.14628877087922,378.9810043845664,0.4887150855358797
29.846656625656443,0.40143113549066506,33.9369093276246,131.72690538169255,0.676745800455841
28.611538215891485,0.414658130897629,34.76101592960531,155.43856271343526,0.6480826926577492
37.17226602093287,0.39659824335887794,30.56732574658211,272.5318118327024,0.5639710968203051
38.97329871790424,0.3792566671101323,32.49861411041539,208.1295799948433,0.599495652827213
36.40602840866274,0.36361850718582167,33.824160090575056,312.9435249949014,0.5676646911900675
37.34172166052764,0.3864340649720955,28.39366378868068,318.05386076318405,0.49381690984398297
29.431959858895844,0.36903819347195144,35.49274062496843,410.86864378712374,0.5329492601002367
34.541627694442624,0.3897434422909704,27.02109693671289,352.1123399192984,0.4516844173829204
37.32324641032795,0.35294747836775947,31.06699877045367,252.5410807375958,0.6155596036169646
37.36875222046753,0.388966337176105,36.19580294252012,283.0314754511421,0.6148078320020494
30.09925888695273,0.39629632561271105,23.743226478976883,220.22506498167274,0.5296301537390186
33.9333523530454,0.3700015888145901,38.097580128292215,419.95273451284334,0.4843505445198237
42.65584088217093,0.3597506656045021,33.90220584748858,204.28464280422165,0.683429194418185
28.248658541513095,0.3845647715094192,23.740466563042407,528.9564081059939,0.4270024979831888
39.04660242305989,0.3603688270240086,22.58617651555958,448.97899265281967,0.3570330367075687
28.776844971570778,0.39945529845752975,37.96696287375119,240.9633034372355,0.6167773850739271
38.08479462575342,0.38425643218500655,21.16159686239221,280.8408526660187,0.5378707828998412
27.49987297611702,0.3937518402207037,41.11582349697157,239.4425130677909,0.6528794240303344
51.530615043464245,0.3666122944843786,35.61989412862348,254.09409361683933,0.5849725526411158
48.39611697192499,0.3669169965083497,34.29668712899848,260.9233027526505,0.5715646415880632
31.745604768429146,0.36512765705061795,28.928171353395896,245.09816868919435,0.6482962742773758
40.01244543142356,0.3754683532934764,32.19835417614888,316.5211108171985,0.48419509759630597
31.467786673204227,0.35992246300120045,24.441831182948658,369.85074734019724,0.5116197482421744
31.879837390923747,0.37241176998256287,25.283438039279076,437.7908587189024,0.5181042024923435
26.254432394905155,0.40400607777221925,28.77898708408149,320.5234949026502,0.4787081773772262
33.58566973307039,0.40109877031919855,33.651513996906175,258.2581140344977,0.6268162992084633
32.71163755740936,0.3744423157749822,28.27709754890496,224.4471835830536,0.5682939496438421
38.10595337094674,0.37101642177547517,39.38141886864589,264.46771730614137,0.6509612043598029
30.120993332487938,0.37376323359334834,31.15865249387086,364.355364016537,0.4638267288566083
36.318423906034795,0.3768754429146746,30.521688847461622,225.0700885322826,0.6416498357789625
29.90728494078204,0.3960559905546807,33.478790232043046,237.70364809074275,0.5909668797896441
30.246600690598655,0.37446072642766787,31.445139317490295,310.0052964206871,0.6024070060105218
30.2414861934764,0.3712720309318136,28.853884007130013,257.7125148083939,0.6177956392480097
37.458566731546476,0.38639109553508216,34.698429672736815,291.49587223375977,0.5017409158420659
36.429739745006266,0.33318445969565424,31.989722501745824,420.9497381786447,0.5580820771396364
44.445193094872735,0.36391571049008753,36.72203978971815,303.64589654564736,0.49370191865124463
28.06476975203759,0.3803441321649704,23.629069745066268,367.38437184722835,0.5740547115251469
28.888879523559535,0.39228701269954847,27.902161583243533,374.56728457596,0.5577695473698343
41.17034339017063,0.35879375951382264,37.095155528141085,313.9045086657438,0.5362959259264746
33.85598608349084,0.3639281087833821,22.745941187690978,347.9003000371253,0.5211015669885918
33.67636325009041,0.39624420229812074,34.51282699999973,408.37494401603584,0.5144188234435025
33.00068686442469,0.39608574708069916,34.14823278947005,344.18870297603314,0.5253101005125721
33.82269738238606,0.3825101061588727,27.924883532087748,365.47918298148306,0.5111691385432071
32.12238913251412,0.40226288040605607,37.55351279767108,214.52738694693613,0.6180103435811023
37.41839862712709,0.3733683434680621,34.457702552205085,284.12468466935223,0.5458369909070211
28.941623040312642,0.4029686108091935,28.57030467933707,233.78616236663038,0.6029585063993119
37.06282944413687,0.3716511253777155,26.045038439046245,303.93792425473407,0.5564482969695919
33.37530324082062,0.3784967376367472,39.045453992514325,252.83043040928533,0.6046226239133066
31.636735378987552,0.4004693385489926,35.74329444644867,211.4276394315647,0.6468665301716527
34.48900542232267,0.3933309933283067,42.14755211764613,225.03138481116824,0.5569775058138083
27.804702234224283,0.39603527745151534,41.04728166045393,266.43613609349234,0.614466599585519
33.46321710538604,0.3792190310203327,41.18561768894164,258.6932204182738,0.5652523694404028
25.632676848493357,0.42311085830247563,29.280078998956597,285.17328704316725,0.5884276323613039
21.51431404641435,0.4370608721945271,28.199849103991298,266.20417931695306,0.6034838024498815
36.21527788052484,0.37093617663434025,42.50415959437122,292.3117874307766,0.5659725525651383
31.285892577423812,0.3644824054779988,42.82030943024531,317.2210977999168,0.5737295439432831
34.29557572219715,0.4029755080544955,41.97293569230404,315.152157780979,0.5934256350431647
35.12820546751793,0.37336501472980466,38.48057890195527,325.8717101407158,0.5328142091870008
33.67773205937814,0.4001910639982209,22.737317673432813,325.20287440555626,0.48850381481318
27.339820105918047,0.3906311407670997,37.64413877031798,224.00835886539033,0.6613653954061917
29.213851118986078,0.40500923657652715,38.03305730416337,222.73501433089072,0.6446162030822101
33.00792112994913,0.3954601813916725,40.938419290400624,200.7696966907216,0.5982360945227052
27.871677599405867,0.3910880460533583,32.320243964588414,377.51394436219164,0.5158647850395895
34.30003236239616,0.40992541387914516,33.115843927011625,352.79958356021274,0.37299960397098125
33.68870721521453,0.380659894191256,20.9512814373521,459.33370660910015,0.461397534432191
27.141719579670415,0.42080214896571677,34.63854507168429,326.5050538916214,0.5483840776577997
40.46918162895337,0.3688680612365384,28.903737772251503,380.1676386407529,0.4665992764096891
39.322814587185434,0.3747400952978051,27.409082426758953,433.0844563810989,0.4607112627953059
42.61998265072624,0.35521155944207,32.2776613513309,331.24283942900195,0.43762500151667383
37.069759749108094,0.3621060900508326,23.931788023840607,311.5334526752274,0.5925559926531098
36.38306137171194,0.3738814237721158,28.410713501670223,264.5341136572245,0.6514772877193413
37.685344049196665,0.353692463573006,27.510328329226372,236.25230935430878,0.6676897621647296
38.51378072688847,0.37646050426453753,32.961028822159335,214.92088047975213,0.5962437864966016
39.65640208950902,0.37414097747619807,35.97482476248516,205.20384866119892,0.620679062006349
41.33168179911026,0.3705718245273068,37.199318684962584,186.78065863779054,0.6236770745794437
36.54669166415239,0.37360635715787427,27.493930068411345,220.61454223112838,0.64858957404347
38.19610988235737,0.3766057083460386,35.39185773947059,321.78835402478893,0.5185963038994286
33.099073040890794,0.38097994901518206,28.489434866099945,192.9258884613254,0.6919300856751333
40.16829127312993,0.3646905865977402,33.02989192094939,250.59578184517716,0.5411928076673544
30.20129809536631,0.425011518002301,31.950089855613776,304.64146330614705,0.5258422570018821
36.3535463304222,0.3323540591789643,28.330213633797964,281.01101363347397,0.5346088311669264
25.080871165087864,0.41279079999751705,35.91676170575209,337.83605771570444,0.592061762519104
39.3232206088218,0.37026387291326507,36.40318359374023,370.41084433898425,0.4587181454968851
37.785057042089285,0.35018494164944386,22.50503450451292,310.8249247882237,0.6057547102617378
36.7433634715425,0.3613893301640949,34.1555287514857,306.1452965282147,0.5495757930044236
32.825058156309346,0.3863423418643361,32.4353449019537,265.51443444729773,0.5910949129839335
33.03954994930917,0.3879644389178709,32.498559780450584,278.063422496396,0.5935916311829802
29.139451157513836,0.4244622687951152,26.36754269734458,310.9594688690438,0.5160638097264499
34.09688912712058,0.36727357930248383,34.912528846560704,295.9270150598307,0.6050054476981536
34.51924724073394,0.35474935978447114,32.85136082496626,339.524672877596,0.618246458093051
42.25196171360116,0.3670217833176657,29.092892809846838,254.3810810046107,0.6578371928259129
31.2289985947988,0.3995330531881973,31.562868488545522,204.19231845860526,0.5455122331431703
33.19510863161736,0.4076929847734597,35.77906594504601,218.53825921083896,0.5989751008733567
32.642010985458654,0.3864979001491468,34.15472972851882,225.0836603372862,0.6111993677329852
25.68053336626516,0.3737702942428153,27.19236578585353,189.77878822887095,0.6526812035940626
38.58766393395871,0.39086370956385835,42.822765453472314,288.19975401962677,0.507165224251375
26.017481106513547,0.3844446893984339,40.76219394827976,345.3578667533374,0.5685133029345506
25.155295517944637,0.3861789060834301,40.69949509889122,298.98064204698255,0.5599769880459038
36.67340904453783,0.41217252890848183,41.099455467135556,246.08020966428418,0.599535638332
29.5293494049556,0.35384762523570523,34.876963484486865,357.7819687687357,0.5366748596546216
37.56450161931649,0.3952174007368173,35.27359814261426,410.5917724333024,0.4465139880634013
29.471525109179563,0.37636578764735934,21.568526732622235,475.16063969400346,0.36723860683274295
30.497860068529718,0.3766864690301438,41.55683263854531,131.98885199171744,0.6197216979503233
34.18701409484918,0.39977831123889973,41.749537970222356,219.68410533521592,0.6575904534111575
27.44375107660564,0.40959202436349545,34.75521859003222,215.69497746747143,0.6157365075801875
30.704887165284433,0.422365001385372,26.965395348723725,258.17810933882737,0.5797820196396134
30.731432858271788,0.3978988345735846,37.09472068749162,257.21930290881625,0.6610587392881183
24.97321017235532,0.415168438633585,25.57856443863008,231.3702629049041,0.5425862876899165
24.316632364728676,0.38891741917470934,32.05192581715521,231.91527159619244,0.5894079102118184
42.53599812302796,0.3852669421726067,41.30334728101009,237.54659288845087,0.625165434882135
30.4164112883106,0.3611780180396962,25.243111654746286,188.3706302279907,0.632027468120192
32.69035877142056,0.3648397944051462,37.3807116547059,311.6044358566206,0.5058981770020411
36.86301913103083,0.37702967629483436,25.411977806207005,171.15039906420685,0.6573720163634129
27.66592395136209,0.38846588309368263,39.63319499224215,237.80849942418718,0.5147139192961513
28.594126877691586,0.41368446023380556,42.618307247787044,312.30129580742954,0.5944974238875682
30.322699730246388,0.3774057201557464,42.803414684017525,277.2448197976054,0.5359046640144033
29.671914560181637,0.3956829044197993,40.313198622460106,391.3329644334329,0.5377930394649354
37.078538049343216,0.365858487319156,31.25048028628249,268.20546073534035,0.5729069635432712
32.84702200068767,0.39240605511525334,30.30697776723601,316.6369419318624,0.550424366088882
29.99582327867964,0.4138246293778724,34.34636100988712,215.52390090338392,0.636886536633115
28.44916666260318,0.40209912944820636,32.844844072655775,212.23558902676453,0.5652283640134379
30.201040247695435,0.41619079079558774,30.383511434281466,209.54584123598372,0.5458214111369081
30.709121394818393,0.3826441176137771,36.49214900599389,237.968415383097,0.5293704613116158
32.233014019287715,0.3850240623863435,27.5556698977144,207.47240245444033,0.6717518024615297
34.99552231992599,0.3751314896173163,35.209427449813575,297.71686247901255,0.4999085873821601
34.68485682234981,0.34627684007703435,37.878347233027235,276.7836337224191,0.559126367165442
42.985091806596294,0.383182473992032,24.88499999660943,452.79851134755955,0.501839557003222
30.551947222268538,0.3640408567748099,25.592164444890102,334.45563033042646,0.5307360920516779
42.251830820987216,0.3884879160426147,33.591211126532876,247.4356713923632,0.5797648428502516
35.71096606150551,0.3563513188545918,27.4943343597469,275.569737248832,0.6042835065537983
36.02955507973795,0.3461482971772027,24.49606417412291,313.4956181919359,0.46917357858588304
27.970999953455323,0.3969237495685961,34.37061858344575,286.80829996316646,0.5145021990909722
34.16632376871989,0.37321733196424933,31.21502132154488,216.85529802268965,0.6310990505520202
31.096135591462236,0.37140959131446033,31.319499975352244,232.04680158134335,0.5439232084393231
36.80183640642088,0.38567124475792985,34.29241164713537,327.52175772594245,0.5875369988366175
31.402389732276443,0.38091040876143745,34.09789046394231,371.8416125036811,0.4996791568974575
31.775871859409918,0.39630497107640095,34.0050569181036,315.1152444315403,0.4939202349465694
32.93572512751146,0.36589063003549743,32.7300600913521,300.7293593276366,0.5455999581038421
31.54849491053416,0.365656600060342,38.47741663430361,364.02570915735583,0.5759741189880765
26.97899341908196,0.3923266047584305,35.16709249993906,348.75913842109577,0.47789778512203923
33.28147241953115,0.3848049757694507,25.708357413069763,234.20274130879184,0.5336568072533596
27.385674881637424,0.4427838970850595,28.92777158670638,246.01330936052852,0.5842855129090339
33.53625650173122,0.37840851253595365,36.2954819683209,268.8210189062791,0.5897582823644637
27.661528781668018,0.43488244182030333,27.005076085774913,314.507533885691,0.5519438317981147
25.63539406658263,0.4168499723022827,34.19676742526223,268.84493372186915,0.4749885589709036
30.20763585237962,0.3867865518613281,36.623123660908576,323.02980031859056,0.5129738862835399
30.116509667853766,0.3958522157623031,41.250659000692664,251.98986266225427,0.6081769898742058
32.095792690024865,0.4118333712735453,24.920647835853593,257.910555659757,0.5445286061844713
28.90933144309708,0.40381230146144714,28.186672452750113,285.18237363098024,0.573116498863068
29.955339543002285,0.35544862365185753,31.301622940570144,299.4201524095081,0.6013442892310756
36.3007671848779,0.380784379115551,32.68582443490211,289.68571677722747,0.5707432726058438
32.899643373346436,0.40528651095801804,32.975853630837555,311.0093102879717,0.5702075452185018
31.32932441449488,0.39532199802062473,34.278028068774745,272.4561302735866,0.5128246479346054
33.10205082541653,0.3577840392711445,29.871213191922976,238.46854922272618,0.6027681264191759
30.738364274540867,0.39091692268030054,36.5722383670734,345.7041646071065,0.5807902594970495
35.78237039738195,0.3676044119813268,33.805700528211524,249.65825346744538,0.4926897387437526
37.2786036631273,0.37356754716526347,33.5516790754815,313.55229207931194,0.5347365522436034
32.861120256966835,0.3670763922547468,31.811932678094525,284.41413104917365,0.5689490226968434
29.783660587268102,0.39644737804336433,32.045441367121384,301.25778021246197,0.5761983586666121
32.994508693926754,0.39560769729443135,36.2803964932209,168.1700899876309,0.6731606151846885
29.580990844334753,0.4095224888765691,25.974050804538365,459.5647900932121,0.37784341438920466
31.753155332059208,0.42098483681340243,23.392486499186123,435.61570737128284,0.40520236078368116
30.28173926575261,0.3916539992780258,34.35507618654336,264.6175532374327,0.5456010372537407
35.190854992270474,0.379246310505483,34.68993410584098,271.87642370005267,0.6002979765285691
29.37614426297854,0.4022722633901465,25.45650920012351,264.3740558438443,0.5356011720294808
36.397912162477425,0.35043980651440215,35.92300937990402,293.7087702748803,0.54460982473265
33.83972145020647,0.40349608420917304,24.142649132407513,288.48718187577265,0.5306807653402107
32.96829815735417,0.3798225751567785,34.20000938500075,364.74047188946923,0.48814619938562015
26.977809787571694,0.4087652912357994,31.267588004241876,414.7506076229169,0.4744946378456128
36.91781689882324,0.35728814077123955,33.44871079763019,271.82819479672173,0.6255283893652492
43.57980097399076,0.37685667042763504,35.59507479624532,319.8889645919338,0.5407776711878388
41.561384926003946,0.35123833129811616,32.549794327305236,209.32265599663748,0.5965316313228088
52.34929996095665,0.3625907842568483,33.01347809947843,234.09687759798055,0.6014632709678863
33.785398173049295,0.3661543054144639,39.927441238867644,354.8138091549605,0.5797240218066545
28.159401477594905,0.41894926350431955,39.32249814444718,242.97219769837346,0.5983901841773417
38.61684748170362,0.35335972988478714,34.28096000042261,290.16695653105677,0.5759201495771114
36.69455800598634,0.37493850941537943,33.768860676281896,265.35929419553497,0.6181699664973683
32.46603715532603,0.4016483215008347,27.56448038995568,305.1192218512473,0.5569035489033273
29.190856259902223,0.39272431454248236,27.825030423471343,273.6378760618854,0.5243287473664683
29.48500762887092,0.41224607312245304,25.625905770786737,340.200453577697,0.5570974929941457
34.07817297831692,0.36918643243247196,42.05065910777969,460.7987773750119,0.4660791884331078
31.61213884434725,0.41088091777826924,24.728508802935547,316.70785424907467,0.5298374713512921
31.16490193232136,0.3737372912710985,42.0734580645763,194.50212340373812,0.6724261453440247
33.393482113057956,0.38392671680585566,39.677332144250805,295.4591331746429,0.5373472964692148
33.78103205203867,0.38210516549953616,42.421323158268336,316.76497633760033,0.575639818546184
26.97839085024413,0.41095046543466346,34.446273804532,182.4925481366561,0.5916476839589946
30.15271085882599,0.40973282762934127,35.398979101933165,229.61845669138143,0.5733352999015723
28.276573064974798,0.411215450097953,28.412753147614882,289.9033315714701,0.5847129371191544
29.546367128559197,0.40076802859236466,32.712693169768755,301.6925935450509,0.4691950837693225
27.94999156951902,0.40101279897270925,34.2719074283397,278.0277838984187,0.5133724510155264
32.350156267759296,0.39643978178959566,26.350144337336047,271.90979220502805,0.5945534274554993
40.71696964601437,0.38799359056819477,26.459316997009108,282.9291893064289,0.539745694772379
32.500792103303034,0.36099863569008867,35.9770552004434,258.03129801984846,0.6324455176063796
27.46985221984957,0.4223598767765102,27.58458067009844,268.62716629591955,0.5801238977533657
34.16240313190948,0.4009307056122119,30.75324933402261,224.8520399834988,0.5445857696240782
29.766119158562017,0.4269833694648912,33.07563690538974,239.57178799744028,0.582704800158366
30.999843933309556,0.40506396133685596,27.04888215080981,240.92179315533883,0.5798962755874113
32.75563213319975,0.4066675759970196,38.67890938042401,240.85961244798042,0.5855584224176819
35.0771280560677,0.39703493072247376,29.976452546833126,359.8099342354248,0.4452787812291612
32.5142016315258,0.38932586098822003,21.89541711675036,323.2103137078337,0.5272741044697579
29.247763497877756,0.37967531142279837,33.00231927548248,421.64497647676336,0.4761301787055834
38.55621809150862,0.37164914539795796,26.299191968997054,195.18765313392873,0.5762370568611388
38.44408411121368,0.4044729972763261,34.78143083513692,247.30061824283393,0.5893928179871772
34.242226232654566,0.3673258149871795,29.138323000927002,288.5871764329912,0.6104243152429175
30.7068626033161,0.4115293967597635,29.821904862777206,276.3961064983297,0.5164028747590654
32.53322532545338,0.3760751890852899,35.70029271532918,234.1758525648722,0.6278639037076751
32.616189198493934,0.391248245159648,36.15770899785834,241.49522864895695,0.6529988760892473
38.78104019361544,0.35403355144754495,21.914367062925372,505.5973482098025,0.4127800037094885
35.71219214192101,0.3472993157963877,22.313198086064958,521.6784130447187,0.4047153228080778
43.04384610215392,0.3584671255765212,32.126823771686546,337.5626524565762,0.5515794561942472
30.848697353333367,0.40700580628889793,34.7651184286819,270.801599504219,0.6050581007988797
29.61440306171406,0.4074310104540757,31.868363089309806,337.54595307101243,0.5646516870793663
28.087685883740917,0.39822777213892124,27.571907976857943,303.5433493714257,0.5460723582737871
37.484314207900965,0.3796358495055058,38.532598284252074,286.94803468783476,0.5364448317483548
41.99133317095359,0.39181122709392996,36.302715749951076,235.7242809178956,0.5860861232447346
39.884640922738214,0.3530878867914644,28.60759163335272,175.7887943534534,0.6521083919564606
32.035922177165254,0.38764293526176824,35.628187903199446,386.0008335733307,0.44422195033843354
29.660795267457292,0.3891024361750758,38.965525539487906,301.8791504362666,0.5487819526470105
33.89874897929629,0.39753772477163174,39.892776599108736,383.0833999762176,0.5195361194591476
34.69260388689043,0.350015221360833,39.90366578426931,325.9166217212641,0.496222424253693
36.093672374210776,0.3522199561874152,36.418833154923995,312.9548594955629,0.5651966736659673
35.07104620448974,0.35431519246923276,26.06039483578093,256.4113619732921,0.6129642656642941
35.8450319502372,0.3465824100173465,27.54996096389819,256.07005909795595,0.5805471955630715
37.99051353987456,0.3626305163190846,29.722395766651086,382.6746252888412,0.6230122086047661
33.36100007329242,0.3526206203011494,30.716500946886725,302.82084496826945,0.5653632848382683
32.010814539790246,0.4044825061833662,34.66510009956211,288.64039871017917,0.508299578206542
31.86422803038386,0.41494610743229077,33.57685908682245,287.7615041659002,0.5344199165965162
31.30652547432792,0.409389123225501,34.01922672983079,271.76680575277385,0.5787867941460041
27.08249962689583,0.41561704182745707,32.578246371841445,173.83511702005353,0.6790518671325537
24.71332295839383,0.41436965488832966,39.483613191088565,250.22873851874968,0.6531849347867801
30.02192785052852,0.4157288436647269,38.64691566059266,203.2876627638774,0.5719537223261828
30.475100768602825,0.37736094189400504,26.91557080411326,387.20908505301355,0.5131052957023862
31.140360841323993,0.36774772468112193,28.63520942332738,345.671593486259,0.49703184514830884
31.94503611937969,0.37863912368477426,26.071492923054386,360.99473281097664,0.557530307679429
37.05893184660708,0.34100176971488516,33.55457161772688,419.8254297302506,0.5024012189875684
31.324222045867096,0.412597328640632,25.92573766694754,264.71610766043574,0.584943838906957
26.446431628151466,0.4304334229691782,42.85217759017184,199.3576837577243,0.6384548229011732
30.89886479220573,0.40089926932411013,41.25301075887096,197.32008566375873,0.630597829039772
28.860432070359753,0.41266624295432836,28.625525564628806,184.55482973693358,0.636959079720843
35.61519072874035,0.3532569476548091,34.334879051894355,279.911901434992,0.5092747432446043
37.51790434293741,0.37787185551221225,28.385754674687103,251.34025048175087,0.5997589541503281
34.67047899456903,0.38078739882370477,27.504778240659753,399.2411914448569,0.4451322877196575
28.195739468558987,0.41446233291642026,33.63851725027838,255.29358700297524,0.5893696736563548
31.103007196577682,0.4130608310177554,38.13584419121933,290.0282433139319,0.4945399268968002
27.66069067905619,0.40329526066750165,25.554568103694518,406.49298941057503,0.490290506375422
28.285333688847977,0.39507789980775593,26.68877751883261,336.953360585956,0.48088541427959036
32.58069333872883,0.379667111046399,28.144275990007838,543.4516009632481,0.4193610405838889
29.46217853244432,0.40566587150327027,32.36437909832893,372.4953046392791,0.44225631251653763
27.500586773575094,0.42290854720653803,28.774521806959715,251.55353349762987,0.5803565095574489
32.13248184416686,0.4250251358256909,26.544313029600183,267.1695311380169,0.5845046486008877
34.21879961709795,0.3482697603243711,33.272099048676615,220.58546903092875,0.5684643035818012
34.03458686206397,0.3534030355914566,34.46767999743026,318.8051797936445,0.6640981967102193
25.08043872932681,0.40579450478863627,34.19060268824237,415.8377943706791,0.4707398828864836
35.12380973278232,0.41005074188821067,33.96338168000892,221.3209068438211,0.5599262113808258
32.295347499322546,0.39786778332297673,34.62358344534758,218.97946815164613,0.524163362853427
36.048557351434255,0.3352672314615117,39.09234995569341,233.7118010826637,0.597846841761561
42.45034482137631,0.36197671380516805,33.75428275202859,248.603419040946,0.608373061584848
37.38546482209432,0.3684174370149059,29.954375821838358,401.84822574628674,0.4394044992229462
29.96338924045449,0.42196993907849634,37.48285257074586,201.02960047211636,0.5871132315942169
39.763082948748064,0.3618134487000217,28.333250510396777,313.1629814695797,0.529066955950806
36.768514391021284,0.3793848485716241,29.37896686702007,283.32629771371967,0.5994045078524796
28.939329211118547,0.4084348198671482,32.61276493860825,157.9455720496127,0.6313133053332725
28.06628796334553,0.3711954522848302,32.9200881453994,240.81433295573726,0.7261509197859427
30.84741219550785,0.4308667245389909,31.84933758210246,224.14026238508586,0.4628292151236163
21.388849937710052,0.41083093613182,34.59980086478053,374.6729279349097,0.57807281748879
40.31682596352577,0.4187894883454583,30.481937700063476,149.05872966293907,0.6671911700579198
25.10865941995133,0.3563994351179414,36.631206497167184,399.93917561241483,0.5765655641424795
24.463570930875377,0.39067846542430407,33.39655076317548,312.23419169200673,0.5306206658129322
27.837157450213105,0.41558341924880976,34.23941132949421,279.4445034541133,0.5770547276460575
33.99875059059351,0.41429000316571785,31.928635389465136,222.8038804057994,0.6136855231839463
31.216542278241796,0.37149691649647393,30.54707478312466,235.52790313527237,0.5999255406286506
40.226045552008905,0.35912888670325666,23.29163644415121,452.2372600586212,0.5060777076877976
35.715340826090625,0.380633138840653,36.99812840529375,204.77968867199215,0.6285552356264258
37.289845386879854,0.3717356805378033,42.162630373367655,334.01388424293657,0.5054557037892364
31.751283286867746,0.3744218437760316,41.24508530413168,275.11973945894664,0.5671186949633811
27.806272380931183,0.3811977319628923,40.292547296904765,304.7134782066712,0.6178551698284994
35.1272223822622,0.3969287539189091,31.459790076682438,207.3917927259953,0.578004901871541
37.28494432188161,0.34481520336857036,26.995078542772106,419.12856850405655,0.5225170576517817
40.17837588538766,0.37310933912204436,23.025705922935042,135.55390861424198,0.6255713699820341
41.90537448780001,0.3323912394185406,39.45194789896166,350.94762902846844,0.6227463564712109
39.648891088737365,0.3271688319631573,39.237401173521846,241.44531656866874,0.5575398112412114
39.14155124665067,0.39109525138078444,35.25626799744671,349.2824324768984,0.6359191707256383
30.364731555044987,0.3485132425730515,28.162831315654362,187.67628956229527,0.5830516457538144
32.10420427273762,0.37032170294482214,25.5390115820537,252.56819358926103,0.60729236529966
33.59466440735473,0.416700967295871,29.122172461627034,357.8341906473802,0.6100756837081267
31.232209053770646,0.3848819608906638,27.49904343748064,184.74756181433682,0.5603839577442238
34.104041408700496,0.40417736052297915,34.25954352780605,214.4810698986057,0.6867728697688813
26.697646777144822,0.3958303901844061,38.7751025248288,220.7304479737553,0.5457320519758918
27.56157504640718,0.39756213588171174,38.27434756112486,208.77069143943245,0.599962613475076
28.647004555421642,0.4002866637235036,41.431014592288214,284.6956257200265,0.590685213562567
29.34147681161177,0.3965469100193843,41.76851233312359,317.07994984947635,0.5058756152286945
30.82505406681784,0.4070529251760479,40.704792211672704,280.3915632114203,0.5331420130014682
30.583095541233895,0.3925591230645266,22.90207085251117,210.0217622286678,0.6456454953315272
37.40677174925851,0.40473327695376626,33.96772566481642,200.09681723054325,0.5829024084901341
36.39603058718632,0.3668093757970192,36.67877076349165,235.68027880220401,0.6244406070631034
38.09866193276461,0.37414733585091703,26.101878574621818,297.04896207465436,0.5472883518337216
41.3042595534755,0.3610775917030914,27.99139435420559,248.46478618828945,0.6010884843749661
29.548813520704638,0.4021020308797128,42.01902998776966,206.51425269851075,0.6232633334068104
33.36561310748629,0.3802199134071281,25.843743270017242,261.7194844967567,0.5792868560102978
35.18656895411061,0.37645337595236344,33.60093422268801,326.5448498556459,0.5193665132553332
36.18070652228946,0.3778016638509472,31.408436470204073,178.32899153289912,0.6820399751450682
36.756122216741396,0.34787969936390495,30.938422196369,417.21653910513646,0.4908172659424523
32.17424135911401,0.38653508394284936,35.641159700733404,312.1279841901826,0.5601293343053914
31.608369196994353,0.3931892124856619,26.661432649606624,212.76312353611368,0.6023495383405647
25.70813877742634,0.40920486295501896,35.929019783768624,279.7834639394266,0.6186233772014414
42.040533365301776,0.37395430960942316,32.20492316133953,172.80395955699444,0.6569943725819057
35.75438713228075,0.36100821702931457,35.64767472228047,269.5251429918272,0.6596926951798111
38.96581399293394,0.37037857749534014,37.657350687012965,269.4926695362301,0.5213685166779811
45.57014713074802,0.3975418853884122,36.00916221116449,268.34175125456056,0.5555471316099346
33.225600970564,0.33743836131339683,21.500703793540136,192.15338614593216,0.6447563494082376
40.738193374212024,0.3779214346756491,40.307871327188444,225.68182853047583,0.6215953186299286
30.164727814370565,0.3627647366935666,34.64345143013847,239.90815423719255,0.6157206451744724
29.43814531584503,0.4299727723538913,25.55749793094831,380.9163459110643,0.39890307372746564
29.88514258539859,0.392177558611923,37.11576906316871,175.24238380043633,0.6994697111986222
25.078639798616898,0.4429200716110223,27.84446999164966,250.95798329313382,0.53974917783542
44.525096535459696,0.353939673776352,36.862766167975046,263.3487837668875,0.6322978650705882
31.03703585252135,0.41939530640833,31.020027242982316,313.44068068109,0.5706615399412038
39.91070037548623,0.34523294809562843,33.246197627533505,323.3293195647437,0.5397983625450452
28.98401837108175,0.41623895303903546,27.426344218902393,259.2573381691375,0.5577845210361837
29.418293246279035,0.40910368297650473,37.55888226188834,169.93538272098942,0.7047488646817114
37.69891410052111,0.3699450107517808,23.257801471165457,327.8942369373876,0.5334211223748555
33.6266128360562,0.38424022173695055,28.87949412948658,317.0347817996001,0.4976233166683469
36.565304283035545,0.3906309380387185,30.877958506748143,289.69242346689543,0.5822268071482514
36.76097749234401,0.39793817506509865,34.12781536924903,195.23132100548514,0.5528702258064884
26.028410605114995,0.3733627227469414,31.72335144112805,267.7198159731947,0.6354518592576701
35.82177347086378,0.37133707007874994,36.27802750504422,305.5365632899879,0.6326102950843556
40.19567790606199,0.36694907261062915,32.29868094651,225.8318788286955,0.5916241450088686
36.40610966572013,0.36539832415202717,27.25475676564111,225.8987255059336,0.6024324445245223
30.956239909811416,0.373563011905795,34.13420318490007,282.09688935974066,0.4694947401842904
36.923077301831825,0.3754300835238542,23.936308400487864,476.916793550224,0.5425141722875355
25.428814218307142,0.44914568323313303,39.559656163180506,332.15395000183815,0.5752199775436306
22.4038620815604,0.44155418926086454,35.78562905262306,175.1739635360787,0.5422529498503559
25.308854990068888,0.4163094486432915,38.21169034463404,266.4002833203784,0.6105819580434659
25.50790529549622,0.41655190283921567,35.16931116613803,263.59577437857826,0.597391234320493
35.055841796140875,0.4028542028750532,32.623547072797045,171.25373149919128,0.6087535640934165
31.064499304819133,0.37434774092365636,29.173772668310505,192.8891969197937,0.718293936835997
43.42525191128366,0.38562586235188234,25.804818352115166,304.85987269334606,0.535276266050501
26.054782857982495,0.3860368006076614,33.50780663789917,442.9778980339641,0.5047447252147876
34.660181282210075,0.3680234684754871,23.62622683516188,339.6092672048009,0.48998817217801643
34.283084101340386,0.3761107333051035,31.682094564620936,352.3098748971197,0.5028335595401991
39.12133104016293,0.38067359610853063,32.58285972639217,175.8083401587365,0.7383593199868856
31.449001887572752,0.3984493663461054,28.599218904841493,212.44932842065205,0.5164045870625737
33.25729637305835,0.4156617090044058,33.62110905750708,271.7529258409948,0.5710610747018299
24.86661580891582,0.39924082981449305,33.294277369697696,306.37047591259295,0.5039149818121204
36.222808733315134,0.3841025082210598,30.21878623540551,245.60636248635774,0.5543228386207509
29.486568616659792,0.36333427088675807,33.72081761207264,352.6510751148743,0.5825062573688197
30.427191934785387,0.3547879954831809,36.51598932631466,351.70404338980137,0.5695580731448703
27.12863237405052,0.43473023528587096,37.4455115965269,318.53812954123265,0.5116360733082272
41.39527918825091,0.35265379932492863,33.08112329948157,315.76292808251935,0.5296680989105792
31.8226294635704,0.3732046910052458,41.53399915787419,331.94069320475205,0.5814165594013532
33.498672451708025,0.37675883569488844,39.32353168109686,178.30010519521548,0.6250486134266182
34.752489927321136,0.3684395554205073,34.78722812012837,171.51869849654736,0.6112782904257422
37.07297330491021,0.35883087452480344,36.61786234997833,157.50983250055017,0.6311623184193961
35.646015324560835,0.37799244569500723,28.410198663846707,378.19106235213263,0.5498996434956196
34.282910650076076,0.3504307871863299,31.16938130207163,280.61980753379464,0.5306533761630926
31.204471750759243,0.35818366242601773,31.785078077837074,267.9681910888108,0.654838446455269
30.280879005803776,0.38685434072223485,38.113005371065384,283.9850220659493,0.6243020286625299
26.67908112277105,0.4301991433859041,32.997336637777934,340.0406206487746,0.4656859415384257
29.446917346653024,0.4083050041280583,26.413042887424716,250.75015506609125,0.5862044422006564
31.97718902948026,0.38566882831086496,34.98990216478431,275.8417580273517,0.5781249308959686
33.69303644238117,0.3916563532155506,28.587979270462974,194.70362391257197,0.6333069572220866
32.54795721841924,0.4337394651908309,35.670856053784014,223.6457576229141,0.5158863911960923
30.088282846563498,0.37767417217969534,31.501121929077716,206.72723790669542,0.6857317327285327
28.73007265542728,0.37361246917265284,28.128545022491657,268.0639874863432,0.6711202872039397
32.50154348414804,0.373514057424285,37.07342256651159,236.31673123111793,0.5760779051722407
28.068392036706154,0.39083463744565156,37.13613964795341,185.8373997336096,0.5534651808157205
31.06724767165274,0.4047969629722403,36.29296333850422,294.29456063500766,0.5735471272836664
24.691403660317466,0.44686684786961856,25.449148898424646,250.13220264576032,0.5981586925426504
28.99050112515126,0.39412207993338777,33.45861827602549,642.5718140973853,0.2568881834641335
33.08682780984641,0.386080624165627,28.0674482248251,356.2629508824277,0.48276101391638543
37.21985898427714,0.3413734267000612,28.68541915182544,293.55019642365284,0.6002501079958219
26.452631364056064,0.3962846688368676,39.188641714312574,321.4959664696986,0.5456188579765648
34.13648993420563,0.4034538257400917,38.38770040205175,252.71683107176233,0.5544149653032298
29.69602940913646,0.3841773898757272,25.312543521791056,207.94585928169687,0.6469842972376944
40.634011871414835,0.38722075435073505,39.227065174947555,298.06680162394144,0.5361409955823172
31.85130242264848,0.3668345843520577,41.44293875812318,319.6798455959316,0.5305452784226928
33.27194019517751,0.3976102236340989,25.58762236285403,273.7973703131999,0.5746974366703693
33.27194019517751,0.3976102236340989,25.58762236285403,273.7973703131999,0.5746974366703693
38.488207608251244,0.3402506229733632,37.50316407548309,322.05740997731266,0.5548076585930911
44.65788980670931,0.3477917908596051,23.104668345640736,310.8131716147014,0.4839806884541889
46.97160794343207,0.36963315588236945,27.735306216830388,366.00900655620205,0.4275690285111779
34.11180304503955,0.3733791773866886,34.43741146422048,397.59226207329147,0.4647677728463027
30.74559054243996,0.3811720165458375,29.53032853141698,202.48350768839137,0.6654399974345331
37.28814133809601,0.3909238699795586,28.27802845319524,199.32744720036314,0.6262125441851861
34.58267286502814,0.35872727647092717,28.545839541096747,236.26504067078122,0.6388356188575806
39.94913478962493,0.3858536840965406,34.564142932404586,165.20594880963955,0.6377607338346887
27.59616593699502,0.38242003691806015,36.11464893092153,213.0871317592269,0.6246167092869799
37.033224137756775,0.3854418545021333,28.101635401903906,210.91141111557602,0.600907311126021
37.61861949737889,0.3979444063282935,22.231799510656675,234.71443404477083,0.6071575248457376
31.303673175900848,0.3868543245455927,33.077330879280694,308.02894036949533,0.504827132133427
29.38272184668571,0.40378238456692755,25.14545307290599,352.52279297618884,0.47616886476853554
25.963930262039728,0.40806212788266555,39.08061405859128,285.9747602064919,0.5536712383379853
37.09394693248623,0.39971815146512374,35.377516124362955,248.50564797602365,0.5393026452845376
36.03866976677936,0.3386168354997784,32.40145691078774,360.6361520323461,0.5461939170725882
43.85716316457311,0.3833852197532207,21.68623279273043,319.1612405653439,0.4829158227786829
37.19355677794157,0.3624978708980693,28.43827434217894,267.4684117952268,0.5232398967230119
33.554913093304776,0.36462936163776066,35.582988840170785,203.44136577111308,0.6092458529410539
31.98816498977127,0.3977873394834759,41.005190272016506,220.52726125079135,0.5953153998605816
28.743754246699545,0.4152920144877587,36.93139754204687,207.0426657701132,0.6219066343349973
29.289185659032587,0.39342415447297957,34.23969382495951,163.14284931651162,0.6120066823102834
26.79649763745917,0.42612426765319505,36.66721583843163,246.97402609069385,0.5782868721595904
28.214816173501415,0.40002820930478783,27.47391830341551,294.22342468009265,0.5519860657879863
30.800626031258258,0.40214704381394006,33.91601665312107,416.7560971097801,0.4415743918314796
34.520926554740754,0.3712176912904663,27.427974152700855,350.57291541182724,0.4956845954215013
32.61304320078029,0.37071695654940595,34.12723111297082,206.18705045147505,0.6224508481737082
34.304180467342555,0.39721934321544344,30.377891136498253,315.7535203634396,0.5276319377742349
34.133093127960535,0.3521219609764776,33.0179438253804,272.0388192228726,0.6418844075664168
23.37308205965366,0.4411091959073681,31.980691329080255,233.428357123176,0.6186038404657016
26.643167035569167,0.42846120945245625,28.170484323622425,195.57749172589834,0.5864038169317329
25.507839528379073,0.3995026424963758,38.01816157792186,391.46617676294545,0.4405666987340477
56.51081412136301,0.32533197710743733,22.572659846714902,231.65821527730148,0.6125585284274438
38.202648365174916,0.3527800356691592,39.0979803286739,194.71490060597537,0.6369102165115238
35.658217539467614,0.3682137381392429,23.477958336608665,228.66969195755476,0.5455211329001988
34.08350724607822,0.4021168933327853,33.29986715394725,264.9033214515559,0.5671891464191425
24.98701407528727,0.40970973168163777,32.818819139423496,198.3902025442354,0.6804535805774186
24.263238583905686,0.4218085279122647,32.51097524451217,196.52587791003887,0.6233140857219737
23.497265340170117,0.4288293160987759,29.62062450775623,217.4960142329004,0.6409815793509228
27.023980965041464,0.3989320364243185,28.054132870403983,346.81774740735244,0.514739156828676
34.44266399563852,0.37964205624077485,31.292291028887448,292.2514988767104,0.5541664595462286
34.74219075667009,0.3987277494509546,38.308322998337516,170.7697872187525,0.6183655061925685
24.88865176354191,0.446855592644663,41.103889616913534,227.70832170628242,0.5981226433685285
27.41765705184518,0.39055766035552414,35.44805264948776,290.3790770346873,0.4856564271893394
31.607195714304837,0.41303482847683726,37.80463665506776,304.3425223913138,0.5346641930076103
22.389843687109792,0.4338516550034722,34.53439269526924,263.27118362481053,0.5436062702316568
30.044596712190287,0.4171906419574206,29.67479511184372,249.2744176744941,0.5409096103722615
34.15853784000486,0.35611988291150537,30.56950364089945,334.859438590647,0.5336272792537907
34.7803263264251,0.34694289416736324,28.940604544083236,319.55024907695895,0.5148965960378674
32.97831971599898,0.37783231874452444,26.258177347149005,260.8793506474419,0.5993789086281563
35.48778288742617,0.3789809566095456,34.63655610209485,293.6434683142301,0.5926565640141745
38.18509655909717,0.39087046039839113,35.42878817548856,327.9734980511694,0.5560256943836366
39.39108301683842,0.397444084652376,34.577620154747876,253.28742871915017,0.5901741105175295
35.2729388943017,0.3535002666522665,26.1608363797332,358.0120245039596,0.5046769471475808
26.379926242251685,0.41867891217177455,37.347939127455085,224.0092653816956,0.6548900013293478
37.99967980148666,0.3693680495153868,28.46180909369981,246.04091329269258,0.5756345675801888
28.541067737932487,0.3772121743273074,37.65010340254622,346.8503611822639,0.5727046353842734
36.798918618759764,0.3906189676675232,38.06313353777635,222.24792412551997,0.6004172621421164
37.52149800562137,0.38359990554998047,38.12089013744982,225.65805062063694,0.5804629040678008
28.15020331381292,0.3925541654428791,24.837750237071795,267.1382556167166,0.6095826315922682
26.17434042756247,0.38365477382277746,38.826144505774295,259.3466275693576,0.5991879221681571
26.687690309793258,0.437732661781474,31.795385377480343,323.03532911943233,0.5209662111699934
36.6114044262006,0.39713214493106574,34.11743211938552,177.02593563839628,0.6817977737180002
31.064994232050143,0.3887860609728012,28.755974382133324,279.5398726922471,0.5353593057319285
32.497973058698385,0.4005629353479179,30.629046949744023,243.55126458306054,0.6164881595008423
40.35720840770221,0.34579260243325116,37.91272813883915,270.8825208824445,0.571783020277203
35.85829105487696,0.3753319934541547,40.992497374343074,195.83287974097706,0.6411331359496847
35.60798260505163,0.40531078556710487,40.866313528332746,145.98014006028166,0.6399110430597079
29.922397992873016,0.3779636956401813,30.186629724688817,181.09669230642814,0.6760240746422803
37.95219919121351,0.3792599752979839,24.638536398679282,300.2388588246006,0.568312550648564
37.167927678385816,0.3820359571430088,26.961933652888398,316.4960469320226,0.5682354295250621
37.31801673709641,0.351486777055724,33.894831912988955,252.69857412764222,0.5532344761024739
39.01995122704024,0.3514379432427562,23.264918614886934,502.40577035464895,0.5049388973884087
33.47086554764019,0.39551213477775876,35.27695776834188,328.60352097514124,0.5994319368403987
29.24185229921119,0.36125506174100924,35.53940596076776,182.92034345210135,0.6086103311530928
49.272111960187196,0.3666301839428835,33.60462937132252,253.97648322631895,0.6512932267638399
25.31448592041548,0.4111041015131862,31.37991649525879,364.0891691023167,0.6063726347011187
25.53357090406433,0.4163274895147323,32.64121523369302,366.45199598684394,0.616255963106711
34.3376770499535,0.4000879900409635,28.824166263954062,227.60515241109758,0.5733317758477583
35.14345601795921,0.3803621829603868,31.195945888723536,290.7110303309575,0.5633415067674493
41.48828208154687,0.3502153832469592,24.295487595826565,400.39152750769324,0.46662323323469984
29.428091440452004,0.3880499844994256,34.43115839507325,259.42857238144035,0.5923410520315234
33.664344074013876,0.4198421388035065,37.16902428188712,198.27861171569538,0.5535132524335287
30.724000370029913,0.3597022092548982,29.206494035500018,214.06645620735375,0.6535136890640162
40.89796995380389,0.3913873972433645,38.17830530084545,332.50228345019474,0.5410791477156516
35.68056126922511,0.3493758702399892,36.361250695132156,166.6249479361884,0.719769805225173
39.83349575871591,0.3855304991420004,25.979221720048635,341.6163635113106,0.47648508825743474
38.61653678720785,0.331624152464655,32.63780792594949,279.5181776595513,0.6195514674573871
40.29920031313247,0.39160529307269,32.73828124347571,171.31140847061587,0.644255951845458
29.30745086393204,0.3703739404599556,31.002547341477918,350.58555168755544,0.541373901456776
32.345063755962244,0.3739296565014729,28.37053772210619,304.30665202394874,0.5671888853216455
37.65561569147997,0.36799047005650076,29.381366296474276,383.60186964056305,0.5809078424748737
29.682536114212535,0.38016238629669274,34.098078113723545,390.0190733335867,0.4575132387099836
29.981589284797558,0.41120967995778146,34.67726343322625,161.886312004267,0.6210815345850769
32.318215401382055,0.45652017979796916,37.9748403596435,189.94218003169343,0.6829775778007137
30.898419538361527,0.4056765110874997,32.1982762712621,144.90914605672162,0.6642372378753425
31.375442103093555,0.40136063629339097,31.979532260377145,221.87337589632074,0.6535967568216946
33.262156208090644,0.38520073359385737,39.65580837876614,174.33420480536773,0.6060222223205487
29.386965959686965,0.3892086824661357,25.373592524399573,268.61948603606766,0.5495402986524921
29.464849938727014,0.40617697109388773,31.295858575594433,326.1769202940575,0.5669331613112093
27.617174851859012,0.41373267346673354,40.36044558496853,162.54645906360716,0.6170818500505156
28.86232418893224,0.39436956183514676,34.25364295822659,264.3035842949799,0.6348789338646389
32.95206138606908,0.3598863007354241,25.292200457562387,210.01438732580783,0.6203598102412518
29.19201411162755,0.4024489001501543,30.585451805547823,337.65038149347856,0.6807827679820159
32.27415728906828,0.3423780375313086,24.703649809346484,292.3094765554855,0.5523078331895278
43.0519423212243,0.3689303156111804,22.01727155274097,251.68123260570096,0.6169330411439146
29.5638450621102,0.4201432951546838,28.184153858912666,245.5490033481625,0.526259252014792
28.556268081284855,0.3921310155499472,25.21997965159061,344.24892034578716,0.5011013961552563
39.583454621827705,0.3699456442540774,32.32031663288549,440.05050757017864,0.4692937846109427
40.331546205359615,0.34359939239713044,35.153295577517945,431.4996547865784,0.3988790710794941
33.62963180382544,0.38231785911939264,24.257530781490047,231.92613486706483,0.6708163404922063
30.768512187513032,0.3833966849100071,33.90652121422926,194.3706275379959,0.6086152229883791
33.902189202420345,0.37738795403926295,32.785074757022294,247.4757837740301,0.5751172344287674
31.578508781444384,0.3988725129608158,35.55813467123096,297.11925399653586,0.5239699682688342
31.02575756205196,0.3923746798045059,37.70756882388392,370.336932216493,0.48808825013516677
27.009087872232367,0.394041611111891,35.293043617612994,425.61390356152555,0.39837052699394704
34.20156228453514,0.39830955426339226,34.96270583243626,186.9326220147879,0.6571956000928675
23.921389828564912,0.43900808437444816,42.017138280518715,179.80542188276885,0.6132575095615088
30.457670081677737,0.4176157719734829,42.742780363616305,216.20581440933557,0.609473958289876
33.37778087431284,0.3759524785805146,35.75871917366777,182.38817193967338,0.6910958399459143
28.866875995372432,0.39963976973494086,36.28849044553127,329.1667370780934,0.5314908047274541
29.95221176483583,0.3891031207685951,35.004412479351735,263.45346896721475,0.5122339593467367
34.26624993990405,0.39692644475287686,28.917149315868848,247.08583943591907,0.6500786582676182
33.56369887627013,0.37897956919812426,33.67390551891054,238.32625985053795,0.6023325287977415
40.222972917327795,0.3667060125398076,30.293107619782262,304.7086336615893,0.5823603491032385
38.19003718506901,0.3736294129167952,25.988205003468696,206.41164531597425,0.6006825076264475
31.08344980957811,0.38603468353163045,31.3172907710437,233.30371137569193,0.6553302324526912
31.131543608745133,0.398915910525363,29.49337885570221,362.09608822666274,0.4821595146620015
31.415150037594916,0.380180998294983,28.784506743617783,301.137497189253,0.5306189654945953
28.868427074665906,0.36100499993378765,35.277726865520506,317.84670006333494,0.5460722825306915
39.08244633855404,0.3764873221781826,27.61254220813671,218.06091449132154,0.5658277879872718
38.338425392359504,0.39189534219771066,20.88239932308567,281.1411063701502,0.6240634701940968
30.667460709534012,0.39463778379924086,43.003874454179545,239.61412318757976,0.6728073644769128
28.635497292554707,0.3839545125486858,39.32251832477477,249.44059184166304,0.5638430667311095
32.465305428604175,0.45019790712634256,33.3896191821367,216.9058718794041,0.5739848253694467
27.71494325460985,0.3598452928180705,40.073133833529916,222.0182298136448,0.700832755770704
25.479416550643908,0.36213356659997575,40.4809851025425,216.94698953138064,0.65949343629537
38.87092825810446,0.4195116048317797,25.15698932246642,224.30404299275042,0.630168429291589
29.957354289520843,0.3423949797300079,35.459795499547994,304.65197976226267,0.5497315175509189
28.44133927024909,0.37749114540029394,38.868088996132585,277.7507528058682,0.6440853444531919
28.388654993590414,0.45454138345799683,33.64537867821738,193.14726847408483,0.5522192548107792
23.037852702543635,0.43425074118949664,38.03506066423355,204.90695342435635,0.5997082261970453
39.87206372173897,0.38010125354547086,29.524641959571156,231.4515260067829,0.6217173815006588
38.22646492377256,0.3616600196916923,34.25437111455832,318.2445848950903,0.6434257318016464
27.077012927043057,0.4219780222922805,32.82038629199358,197.05609216238904,0.595198513069879
25.56473594135958,0.404886535010957,28.131387961026963,251.5177303264686,0.647806623265304
39.24164354596022,0.3687322113369598,36.03331403999812,219.71820593635908,0.48618087166734486
29.056536039259495,0.35592571081182245,29.893003267985158,234.77910390306974,0.5442352221912266
38.98837886997872,0.37988805981259993,41.787782008602385,202.00582392955778,0.5527995836826284
37.08787822399062,0.3759076174217953,40.77197841243545,244.97185470939527,0.6464836196464936
34.66122914303598,0.3767471390371159,40.179128897817236,236.95288942468216,0.6378214915395916
35.87802153490916,0.3818523296157462,38.99707149232575,223.85664829726952,0.5826335003464278
34.38625944968152,0.39181805258205354,38.465042987833726,238.3630254440542,0.5334011960559489
29.90699510541214,0.3848194344982489,27.435876727550028,168.34059277651963,0.6786844450458295
31.51629411099935,0.39793950194119654,36.88106912060675,280.16467043669076,0.4905970121823929
48.10793695740296,0.32776494654808036,30.11303228751177,188.79796636939435,0.6840543856956516
39.795609434288046,0.35027132006868655,39.26800964684575,305.3455896714919,0.5686781359836524
38.88405198682146,0.37127530258865254,29.37495321482966,235.87731175506013,0.5488771918098947
31.28816284632334,0.4078647820218897,35.70807113526285,296.47878150028885,0.4611040916902901
37.08921713383429,0.3890013615304603,25.996117301447075,320.6304242677998,0.543435993809423
26.815400449401384,0.4064871102748737,38.09573098107809,277.2158633574941,0.5290621832607547
32.21770637244076,0.3748409032580715,25.13746080350007,270.85518710138376,0.6344981781001386
42.73104002658665,0.3561906372958845,37.11794630295038,181.25262588778065,0.6621589008898129
46.28023786180013,0.3569343562434371,21.254946005613764,209.1005780644618,0.6630795971725216
39.20508897864231,0.36597222438146215,30.880429226175565,240.1136218285012,0.6074306022533941
27.206909862421284,0.40748365584397384,38.48115458967215,332.0652843426354,0.49485598742638054
23.417709862026335,0.42890201919381826,39.84651141800091,333.6328774460318,0.560216417570123
39.49183872223022,0.3807316030005423,26.703274197318226,213.32847915323373,0.5943618584541516
37.073634083418895,0.3582770111846275,34.519672647462684,353.90269076208307,0.5865360075953188
26.379099607046193,0.383925750981056,32.95287803348306,203.5890363229245,0.603423036581002
40.862072090789226,0.376023032188124,30.6682295638124,249.6791287767993,0.5020574503899513
29.545688717358445,0.4109219332973872,36.34544526463093,302.66252670768347,0.5017364253826317
32.08531658831438,0.3774693683134608,37.15814096781829,225.06704205064287,0.6504129630138356
36.5088272826389,0.40433448465774846,39.55104367225178,221.96849145839022,0.6416563890510691
32.818323875997706,0.37023093893430153,33.4836519767238,338.4049308683575,0.6144354825851026
34.30950123018663,0.39548178819001406,24.883684376762798,277.8396063674963,0.4901048785645198
32.51601018357643,0.3499722215387272,31.623458140119393,397.54993565990065,0.44693321145889503
33.076671874735496,0.3526172856469588,30.607168540816907,411.3781635327104,0.4900519743799729
29.234752666799107,0.4419779244299838,30.699601007180057,213.6281411841295,0.5796575248225333
27.564586939473063,0.39730204704868854,36.697257753640265,342.26341810206947,0.5605987284504662
38.21565462747055,0.37187392974668343,27.7320739955641,332.04075347286755,0.5784542765738301
27.514363828929856,0.3483505862495138,35.38203737710822,305.0842560955954,0.5576777033063391
31.16932691091363,0.3612095205454856,33.04464758698848,321.54858910706116,0.5679111897103299
34.84038593221776,0.38573021249799144,29.919932705447703,342.1764677393564,0.5451770348419176
35.346271169162605,0.39230341783192313,40.71217598744437,163.7200144093771,0.6340943909117056
35.530300484056035,0.3967154931173399,41.438720964879195,143.25836413869033,0.6444943958160337
35.645531621798575,0.39449494901166887,41.67048587900577,157.26179963402348,0.6446467358721667
33.99092512014094,0.3797587057277805,35.97152651565303,379.01978703823335,0.524757248564348
36.17318328583224,0.3686647264197959,37.78047434932642,433.29849343736015,0.5203374555411766
31.788634925167205,0.39008604067163116,25.406749723556686,151.79111057332787,0.6444270587527061
25.50788717593266,0.40709264730568834,40.761462099252356,351.65060080456203,0.6077691034021645
25.45927519336437,0.3905216314786275,38.99122335242479,300.3381921781916,0.48417438320481376
27.94531638381761,0.42390347361828273,32.02181885882649,302.4349993463884,0.5935254619839789
37.34844164750711,0.359718445292554,41.26824084681437,283.9177320942709,0.621875324515892
35.220518511082155,0.363449848310552,39.25550876594999,301.06819204344833,0.5732332153857345
41.51280772615916,0.3629276063790919,17.488179903865493,494.14083715618307,0.45421449720875195
39.47720498026129,0.3551061845980843,29.22601168227826,428.7024114952681,0.3685183628229943
31.44822360481662,0.3832796668087443,28.475490898668646,240.52220653780032,0.6576598980123194
34.79899883194343,0.4035579778376608,31.649624006446217,221.2207671252464,0.5086262025849069
37.3943191654414,0.39176473881447654,32.351982295153995,255.1983057129122,0.6084165863197822
30.095257368153348,0.3689258248464503,30.906488933458284,242.0094021354475,0.5700711659680956
30.81179681401374,0.3983261290762606,31.21758376532275,332.46822154855363,0.4957760482659401
29.6615242579155,0.3911255560647151,32.06951861017978,337.9348797665551,0.5247104031943365
36.69556223661152,0.3841719570894578,30.10457685317821,223.4613236719129,0.6417312806927621
34.794565714993645,0.391289654970094,26.94224934915305,197.69485394744243,0.667946414686942
26.216007593503686,0.4135263309264275,38.35737824184764,219.2372417382086,0.5714378387265084
25.279659656994575,0.4032788258352466,39.22996440251285,215.4498349821009,0.535004028707575
26.07190277637139,0.3979172573366761,34.34636570771018,348.3454312285292,0.5691681423422893
35.37367871853716,0.4070768483067262,38.82024729297924,205.12476306203249,0.5944530167630728
28.20398147850632,0.39332467141721145,41.191716117648284,313.9134385337632,0.5547034917171263
26.984030181004673,0.39009163148012427,42.255172604585894,298.1352508815077,0.5891801686212675
31.05189774518273,0.4289533047067271,38.1040647886239,270.1794981715877,0.5703863262120324
33.920392293980896,0.3522448918876958,37.836355765275925,281.16953402157344,0.6112025035441403
36.57405361141709,0.39712609894862666,39.383357009887376,280.8367984074583,0.581859454457791
38.10726450083057,0.36952156041221806,37.10293619560456,307.65566828120876,0.554300912876032
30.973691821961612,0.39030293486231127,31.897556816149773,189.14269599261607,0.6600106275930685
31.969950572074527,0.39795542342319634,34.58738113070781,294.8588023815115,0.5351742644539635
32.77709240736001,0.40151720345842257,33.39233187486585,310.05617190350654,0.5577265819831161
37.34219431562018,0.37052978749490056,32.557739094705745,226.73879914417515,0.6291542583545262
37.34219431562018,0.37052978749490056,32.557739094705745,226.73879914417515,0.6291542583545262
27.655860710877374,0.4317855050398338,35.72698834617216,271.671814209024,0.5334903384176977
28.133025004801244,0.4120202803724214,35.50290197826005,329.91048325887914,0.4820332819662794
34.84037562363019,0.35580734634687045,30.055709484486695,212.4694476432226,0.591637218445139
38.21667622737367,0.37072990735748523,30.320654362305145,311.2570453296242,0.595464422511907
27.279440836174317,0.4098847153477029,33.408948293243064,245.81679132875362,0.5790690808025105
44.830373246145754,0.3581221164599699,25.98065738917554,317.2997811327574,0.5578688254304885
39.32855177203439,0.361210987244797,37.76911343493943,263.220235497969,0.5965839615632635
26.93005169063467,0.4164311876276248,35.12916997861109,235.82132108507614,0.5638207904825944
33.63001947151457,0.4048339946517068,26.12271355542358,263.34933351136544,0.5577121488818577
39.61658670527643,0.40909514534384855,34.380151329609625,222.48962080144412,0.5408528620908678
38.154455959331024,0.40790099175993705,32.65794310920576,196.6577651388776,0.5566702152591668
26.904505803755818,0.40102514303224,35.392059046784,186.1611003035636,0.7045025034773503
33.502362435903926,0.41543657288422803,41.868141803042455,162.78114829805745,0.6282551301673741
39.20951014204737,0.4221546418340138,34.769855451686546,156.62191449985417,0.6328767801289972
28.835116682398745,0.36764976476962075,19.48129476630756,431.02763651988226,0.503681206732458
41.41422217999932,0.3641854737461431,32.21041146751345,401.0056511986759,0.4304335561380623
43.06025329217415,0.3716727165028056,30.331748424002292,386.0027716496075,0.4719768635592825
29.673496044364263,0.39129450173815455,34.05362687229217,245.96587623337385,0.6227207179192297
35.31623892093387,0.3926732606814184,30.114209415949805,244.14290851405318,0.6147893162065993
32.11660859031567,0.3995319433635663,34.41117706775857,219.65391711783602,0.5129098228381882
33.31862125606647,0.41829602207879624,30.05196153395904,301.00296706821445,0.6164347450691902
33.76680498166068,0.4128493220969018,28.903357011395972,303.5536740538254,0.5821291177317405
33.5150226773881,0.38633770019016817,29.057081024843395,228.17010968068067,0.5843132888308348
32.0291838046595,0.3931898446030642,38.526860952842554,221.9603415590043,0.5980320277347225
34.941744957216834,0.36701515588088435,25.297968161326608,261.31281398052107,0.6153252887078208
39.14473419567691,0.34936327187026206,28.626809138781415,274.69110933592833,0.5344401285747117
27.47997344218027,0.417958675417569,41.51829537496692,221.08781085984526,0.6243843414155167
32.1372957842958,0.41709539502424586,40.179699049661835,172.9749948128139,0.601444591446224
32.63705678892202,0.40331103508320587,34.65704973506075,166.60204331589546,0.6456257396747161
37.00210814819653,0.34236729033276625,30.68929727188279,318.4347224544687,0.5665168665211717
38.88056530120312,0.34933422003829623,35.684503112676346,283.5229611866885,0.5459314096629913
38.98828709027499,0.3767510691639286,27.253259726259735,236.84799543946136,0.5657636773430444
32.76345694133512,0.3723174651949646,34.67837240491794,350.6459501093621,0.5119709394627862
33.31250379772192,0.3999419016560675,26.41127675215804,390.6161774352466,0.43248950355199745
31.82064340847237,0.3999727690302768,28.39562680065938,317.9082701411409,0.5327755614845068
32.25124043322983,0.40326809352183995,35.909526848686696,242.13724328072928,0.6099645962216141
34.48965154990216,0.4189037706034066,36.28985153899221,287.52230629708606,0.6074508468613042
25.910709924725076,0.4082911444369572,31.837416713036344,222.75074472393456,0.5861964034782089
27.218499832388673,0.43983637322820573,23.2424013661119,300.8674968637941,0.5198826627098545
27.968386571422336,0.43080255950552304,40.87951544514674,256.97989464598396,0.49383855313758995
39.69388608495061,0.33324377394700644,30.84502957479909,181.80604449943917,0.6977927745197147
36.31644463800402,0.38942200644641584,36.05917746086923,320.7866453494159,0.4911852083379747
34.2845778551056,0.38260375325232077,36.58984698391411,268.7155963852471,0.48419610545189484
28.17290282541139,0.4003386373299205,32.65944723930799,318.6296516364892,0.5145717887625463
26.419148700862973,0.41588804620053327,30.71974173331505,191.1451084441746,0.6604044332084756
27.08879454002333,0.44615630786716987,32.42442675002956,266.884133320985,0.5268621361472515
29.328126246242658,0.3997816330594704,28.491661562969465,404.6476482086913,0.43016581724099207
35.78768825730497,0.3744915622438798,27.991825963428735,339.2295100732049,0.5496142136687371
30.148477601432887,0.3905792923698722,31.39135008610381,266.28820289700246,0.5594465359851749
24.83495908345568,0.3388806286695356,26.682733663742145,624.2614528699967,0.46317420938011183
33.06354431504404,0.34126587612891185,31.911244864597894,354.3367353379331,0.4357858406633494
37.947071456905476,0.3446881866835714,34.58677597672279,554.1848421583468,0.5201273425772904
38.60724142507782,0.341889721287066,36.3358100255415,448.2390798270743,0.47480635169766544
35.46501603307376,0.37307105050139217,30.588039526484245,411.95031112227787,0.4305133504018723
28.94512891765559,0.39786309184798313,29.806141366963658,241.2423192872196,0.5689316148063488
31.83252593346394,0.4038725656315799,29.9424424329534,273.8794704565663,0.6471372991964056
34.609305173140235,0.3455472063188835,24.327753099631664,265.9768452637279,0.6525294209430554
31.66241788388445,0.3781436373417391,41.93434864522175,519.2907573011988,0.37387252565933576
29.84511293694899,0.3980974974897202,31.896278339646994,385.6957502678433,0.46941346009987744
25.968088325467882,0.3703216398127912,25.997415022179055,302.498000173005,0.5897924994070288
25.232125321013974,0.37010911124925483,35.99164039672779,407.8451012583166,0.4948244117642799
32.387166666164845,0.3975910306044062,39.51097970946988,319.70519094707225,0.572541990804987
28.86928317399767,0.4006421108241143,33.225428767477375,310.1391459562357,0.5268498513834312
34.51794147048392,0.34329480163464704,40.82415577107255,255.68766716152237,0.568929744807649
27.979461441456728,0.42613769873548163,36.48709364413335,228.0865341507147,0.6039934040338195
39.56926225156984,0.35740197620166775,36.98061049885322,259.69315725454777,0.6640890158995897
34.958493091858436,0.3890795140937337,37.6358558031809,310.74704302971395,0.583463750795538
41.26405210348211,0.36336392915748,39.044777507692245,287.78600030554406,0.4778630000438008
38.31812407142741,0.36845963619817507,38.8014300792022,410.6906678203367,0.49728525177703387
32.208400002597344,0.3452519957696388,34.302802933678564,189.88401589976846,0.672741435478753
28.57064330197051,0.33856817653996096,34.196839870108306,218.34121320507572,0.6759655969548775
33.1543256616545,0.4299322779872942,29.07198320207013,285.37968965455167,0.5195781943917036
27.294870690950304,0.37855885831054203,35.96139700562373,312.0270685515703,0.5356229021752539
33.05122471494369,0.40844562938927964,32.60618496084147,191.92336653605554,0.6321925035665841
26.537236076135695,0.4073665551467929,30.651233717174758,153.7833578096434,0.6797368742945562
36.19973364778504,0.4090775537781211,29.50334985087637,212.9462084927618,0.6009593872183417
28.59763913014554,0.37796487278830176,35.38676445102698,247.1711247141773,0.6390602689966179
35.914100853635,0.36591806357983914,34.47180607746258,248.49256622986834,0.5710104410432144
43.26020437719488,0.3617671218209056,34.76385634267964,296.9935583154777,0.6696306624851917
26.558843291321505,0.39944439580063346,28.125827584339476,196.70859222449738,0.5411248740636148
28.376774943855562,0.40725566385263595,31.512479748178297,216.0548823538468,0.5746668662825463
28.605214609219146,0.4121786818207355,30.647364457421762,401.8184982947612,0.4832593438384793
38.477821274715104,0.36322327335243243,32.02450356441248,190.79785833006738,0.6199446948721191
32.43791826244545,0.3504409778824167,34.24551532526509,207.41310450137925,0.6465967162645477
29.399134313333626,0.40657007124043004,33.077220790547464,227.57944648992859,0.5698805458307568
42.537540889889,0.37558772230274856,32.14779512999468,246.30544844968793,0.5219499525690546
30.48305220067654,0.41165971136567486,31.97022022863228,283.9863824266591,0.5733565312675779
32.91711070392044,0.3970142773229397,42.2871360376567,220.87712050298956,0.6159689817968359
27.975516892694166,0.3951921488235857,38.76090112840287,232.51836201770357,0.5609324265887763
26.619077628483492,0.3948660333295099,38.049588221052566,229.40744113498727,0.6014861259398915
30.500136966209432,0.42062001991584197,39.24909546361878,216.84525888685286,0.5754138140396391
30.030638355330257,0.4014767336361606,26.2767664547422,229.46475099293096,0.574986664564185
29.293678731025583,0.424176557585743,43.28749497332539,231.49192732129418,0.6091296571968082
33.9086685236335,0.44301711789928133,43.415515445920605,213.29231733052254,0.5441337599420009
34.15627008478839,0.3789944353979778,20.919036795843592,242.9807045820485,0.6037044291714984
28.620143270876753,0.38849866865154736,40.73504521180227,285.26474906138446,0.4504352173173262
25.494646832029463,0.411871600795809,31.481962950481396,426.1764687309615,0.5421228551746232
38.11248620237406,0.364462359795783,31.518086969794837,188.9190025112969,0.5540318510575855
38.86141072392207,0.35679979431035314,30.35697180520174,182.87518603976537,0.6600521931743302
42.01804939390915,0.35015539265985485,38.2609543392241,234.78102162733197,0.6624699743437802
37.89454302470462,0.368680847035475,43.69859122364671,322.0915007896883,0.5759776728531639
31.764598732389413,0.3641827596883571,40.4321759853095,315.2794262598744,0.521045922360188
38.30092198202871,0.4096426156631957,20.748190847886896,246.40617134642739,0.5757925951330828
35.4943506116128,0.36251292313992456,32.320029223819375,264.31525988273825,0.581574961209737
38.83249354912111,0.36839016434053334,24.82403577676449,267.989372563518,0.6036874116916073
28.697146394738848,0.39991222418749767,36.256319015797814,407.60428598519115,0.3976418513270315
36.90192359782091,0.3546103611050542,37.679286246212115,240.2877368598633,0.6255598416713312
33.58181578342302,0.3824288437671043,20.08082132538835,322.50554033463635,0.5207481085796727
39.768523570951594,0.36179445211880895,30.532982499308815,402.2152171735622,0.5755134573938062
25.278580949573577,0.4348705391381528,30.300890333749464,302.6740060214067,0.4441885126035263
23.18196947564658,0.4315995486958295,27.727766418759952,311.98546968477916,0.4419033809491536
31.765807186222776,0.43086084347585324,34.10420792848856,293.79325638404487,0.5097438610990799
30.75731991349148,0.36468846579265474,38.84311619278238,293.19887026312375,0.6276177065446918
31.24079427408015,0.3902479233935574,36.16845229024143,282.9322930528143,0.5816819928483007
29.837879573890564,0.3887142367387577,38.74546627455908,285.7898236281737,0.5746698935926333
29.77154102634484,0.40239590455445706,37.12496783111545,176.1439026194758,0.6446954516695675
32.611627298541755,0.36988242202836824,32.13142863348416,241.59464884291287,0.6249909112685953
31.377837340665582,0.4093790985448886,33.52388185257944,263.25503899995977,0.5922344222398654
34.68494936152473,0.3919464127163225,34.64585621594448,202.0303695885669,0.6412098481508269
34.43044951587001,0.36587954973231596,37.64125489404088,373.0686151839797,0.5327291180117464
28.856215122126365,0.38829823408340813,33.14650727751725,194.10936709764292,0.6887991630832472
28.259684903346503,0.3943919602885844,38.30302358495875,425.18967412958665,0.5301218580061424
31.187416784023004,0.38824921135280444,36.92772114942087,471.5207649439588,0.48774774750568556
31.324511976959343,0.36683950679586635,39.23483130397054,449.6542539701895,0.4191447544751647
25.405089886524905,0.3967298673252821,22.286759450726052,260.1069113377554,0.5741135916786646
28.39895004154546,0.3879870243714419,25.31555306007289,233.58485980663264,0.645229175627899
32.22520532401352,0.41117007599402616,38.175557197812715,232.5874315003772,0.5598021017528907
33.42640708757931,0.4217632990179306,37.986044776290626,219.8145101210912,0.5711131200245156
25.94041721829446,0.3895415993423561,26.543866454595417,304.6029196769347,0.5857282240413402
36.91807425423754,0.40685259575836036,39.0456103871009,234.09068574129554,0.5907814998355306
38.191813828682456,0.39750188159993904,40.56423618724095,208.78299756933527,0.6061677696891397
32.60349145787829,0.397708661127218,41.01982862976982,206.8094964841763,0.5834500735982232
31.183492509334407,0.41093050106928203,39.88306805527118,197.70821550639934,0.5575967900759577
31.92404373831327,0.4074889014256463,38.5759954872505,234.67964438793038,0.621539060560689
27.567105603414856,0.4106332018534094,31.74072345912156,215.84703877411752,0.6234250493901545
32.383034687104534,0.3705808063451221,36.54238824030062,267.6137150141919,0.6024454184719809
39.44015496941404,0.3628231315495657,29.51251233876186,253.1757190256146,0.6026323846522713
28.715617207317628,0.40450641750231525,35.737597205504414,296.23223537536586,0.4988375262753436
35.04636180979217,0.3664830245032345,24.173550226744297,279.16413493778157,0.5661972520189757
28.503021312356797,0.39472905839893374,38.45488685317978,230.71027374331157,0.632148678708728
29.290452566467604,0.40035871590131916,40.43829496955997,204.61699515740813,0.62836189131961
34.533107480460366,0.3900929698871998,33.099571498978605,288.56314559330013,0.6281070773902299
28.22274689684729,0.43823371215081963,28.41309080390748,169.69863120650726,0.6052736361720019
39.057026638897405,0.356155275415103,39.12054959251163,266.82535776159494,0.5927707089263893
36.589079449466276,0.3779393020783744,30.085662913604537,240.05322932020295,0.6370601465374729
33.811012100107945,0.41045710844103156,35.08774330019441,185.77350050505427,0.6042466432295728
24.35663295691732,0.4087608562877334,33.13328117857448,184.6337500176431,0.6567890890248704
32.87427478186059,0.4041162679953756,33.83039154285745,168.60549644707442,0.6667104154452693
30.39622490047556,0.3878671025815737,28.542262982056673,339.24414276057297,0.5454538195570909
32.700366140762036,0.3750613095317113,35.43582582581865,449.18957647197135,0.4439428879759483
32.28957534842114,0.34529933449624745,32.535735571766814,403.46971013363947,0.3719512116316712
30.522684869863678,0.4081143173385891,21.141459969219895,410.588303166875,0.4213147150458177
33.67858439842878,0.3521486637693875,34.935701851131185,440.83097020982837,0.5129069515701677
36.32505117422413,0.3870457572035159,33.44742270556764,272.33343593198964,0.513684394001043
29.244133500739274,0.375995837382464,31.765579457540543,382.0291815033893,0.5120058918585231
32.70324632087359,0.38397111513972226,27.254824646746346,327.41496021802425,0.48795740394441794
25.66781967212588,0.41342523145258536,30.25915489506391,335.6542407865144,0.5327655192484341
31.307183819249747,0.40250613930112406,36.63964862693545,310.2952736601334,0.46704262191985596
39.63779563162099,0.3402739329004915,33.151034490108124,151.41810682345718,0.6775481243365605
38.35592128940599,0.36841152766447116,27.432654725510687,214.48511707049067,0.6729159898141259
34.771749386287155,0.3495682595717287,33.45917899642057,249.34981316035578,0.58506041704126
30.593701589340384,0.35918178706430165,24.915340571123405,490.85908365690557,0.5518983385007658
37.27453081452747,0.3529736717495793,29.223593586852463,220.78260362382582,0.567715722737922
33.04619655488168,0.40267381918528117,31.754660457523602,303.4362605149902,0.613842450733423
35.70525354272245,0.33439447442471615,27.85514105945848,501.57883717338393,0.38830344574223774
36.297255732838536,0.382270256352804,28.49842454338084,368.6022602480547,0.46461844373288597
31.5191554381604,0.41393991269067293,35.85112423261442,234.53164091842345,0.5748152724985506
33.61464484458858,0.39750296709754107,32.82063326656766,374.0569906607288,0.48809881395573756
31.68523589203618,0.39143378163292214,32.002109858290545,333.38878753154046,0.47942579723018663
36.15875700791511,0.3540140016471015,37.60678230438248,255.9621434563693,0.5937167504273357
30.440885958198002,0.40449519479293117,37.35214694588629,224.85654312809717,0.599012013165853
27.028349512978846,0.4152501667100353,41.41531590227392,193.85969244258345,0.6196511126850875
29.06771742480138,0.4179588794180301,20.585287433158047,325.0829591237267,0.5252488939135063
25.21657098431339,0.3920868880740664,38.6476586193107,287.04435663947646,0.5141867712941915
26.414057809210153,0.45216719526969446,39.95351478617203,274.678084741782,0.5771759535335578
32.39690611186011,0.3471869799613066,40.066456852590065,224.80902302211788,0.6140550557966927
26.762687570221587,0.4503823747725599,26.915176475767648,173.2664708794723,0.5443424663638381
30.190764723696493,0.4108279415859961,37.03397829302246,292.3357501439165,0.5574372486093077
23.76375409089617,0.40736963836693363,37.23372229873342,290.17529327242096,0.5116162559976629
31.53208828343549,0.4337387919178906,26.387564817741882,330.87669716441627,0.5524747996286868
30.793010244313297,0.4176690006257319,24.88168155572632,260.3536171538472,0.5329512160781852
43.54424767650286,0.3194030203796811,36.29805133175984,378.9998902438591,0.4744223037325774
41.628075105783765,0.37051747566301413,26.358135703989646,328.538699072155,0.5719695120686515
45.415481910648865,0.32875554112079186,39.08303367544316,194.64257964777394,0.6529245117796536
27.941646584237642,0.38254502523938544,34.61091192403232,260.7067583947366,0.6451771795496145
36.3004590389496,0.40035849346710445,30.30207312852304,199.18814515795606,0.5518656204382932
27.98116871991391,0.39427587422019583,38.84423763327726,312.29107131401247,0.6179241101667008
26.05582702020248,0.4213778176957166,32.83382799958908,204.38422987449306,0.6168259731102282
33.1767108874092,0.38505785484600474,37.892953144871484,207.60169521001907,0.624639882444142
35.81846810567223,0.40053371056805925,34.49963381285006,217.1815780014699,0.5627915786099451
30.63195983303458,0.34542425029735396,24.534244521313813,418.96280844173623,0.4645689145646899
29.745240467814416,0.4291964332669028,39.76417804895015,147.1625866389378,0.547731571181872
27.44964336216057,0.45018130529245437,39.944568661746004,225.98236761621698,0.654651074761665
24.617846157165612,0.4121181246947581,37.08522963259306,139.46398167427597,0.6400747669511963
28.668646192299683,0.46158419058727745,35.3451533747242,238.33494286166888,0.6687477123184115
19.77059314577658,0.4604490127314855,39.58748375236893,202.37592583437925,0.5556954095731211
21.018621940102214,0.4860814045382436,43.57354607815881,213.37225875288735,0.6504217208966666
30.610359883249227,0.40161408457142167,39.62799645887936,295.20467972791374,0.5354639861147225
27.311048913303715,0.4355242278732182,37.11893887208385,159.10409501292983,0.631540550666804
34.12636176443877,0.3752708751460908,28.421699249934484,347.39304513679497,0.4521881754518062
31.203645524682003,0.39550833151388726,33.42574740846935,236.52116771607066,0.6357327199290791
35.54196253647625,0.36127685208203447,29.223669229100935,285.9979637733836,0.5511861010358093
37.070364875735244,0.3780796239490144,30.6539510248202,255.08640670185287,0.6185104515652905
41.96728681848011,0.3449322159358391,27.28592335226872,261.63663736761,0.5779779580226759
39.78902358056651,0.3528935379719289,33.482257806024954,270.84248182645814,0.5994414094330588
34.534470348378115,0.37326947332648586,42.71931238967675,235.517432444232,0.5837481626364156
34.71881335423205,0.38383716933463896,42.8503616019779,354.9081175837784,0.5133062393245105
27.151161165031297,0.38045132604289805,41.79934325132571,248.36962013700452,0.6090845484258894
29.47551507546517,0.3889307684902222,42.83699353646855,234.68006127523935,0.615447723234622
33.561026332741434,0.4062004181774632,37.85151398375912,221.30306100854204,0.6847336309547655
29.806026597238557,0.3762026714176897,28.999577366938155,216.00963504432343,0.5664233581641441
30.955187395814256,0.40064429916635563,24.193391126067763,223.0226353250371,0.674106957944589
38.84722885803447,0.35700032980249186,37.71292972818346,223.8809445207423,0.5696720486219417
37.85129350580358,0.3398135028666202,31.10508825646662,368.64630320592914,0.6154818036879883
40.40481131585381,0.34424612305453955,32.75637995059955,264.4232649313168,0.575689590427422
41.73846407387642,0.36667578210643664,28.52626671899038,342.297595954712,0.5822231975568251
35.58750556459324,0.3595383259611241,30.79207645483091,249.3869525320819,0.579454510593143
35.17406432116772,0.3755407253758762,42.837793973390895,247.49669488975192,0.6352073892471128
35.19136105450283,0.3718435847317681,42.06196202753102,219.46043945033767,0.6162948567428417
26.81448984381589,0.3949138763789261,23.8488229479535,274.2150475626111,0.5508556422772242
37.50024525535953,0.39232908771561026,29.720696984909623,302.3890343249004,0.5323794101739484
29.97072760137634,0.36844032684946015,38.80919082422869,252.6850495636913,0.607079458562194
35.30306216908416,0.3901137249163336,36.73050607598876,272.9896225561439,0.5864338199339908
30.016358259770115,0.385574831820962,34.76878435860046,212.4907287909405,0.5352345462892623
27.36859795459734,0.394970712557989,35.41017227262115,264.82952569099956,0.5937951469015542
27.374538613220594,0.42708132306330127,30.09699032270858,236.30105235333141,0.5905750384081226
25.90835113385216,0.4111220605599442,41.7728081115209,349.27888306116967,0.5382695967426658
37.554739299149574,0.3821273537060672,21.716936420618435,251.28591686129747,0.5781604106793979
43.44417037218612,0.3365282434160701,37.966519132537336,397.7052051140399,0.5774157988782463
27.67010809848142,0.40709290068196186,34.652262352267876,367.9733204643247,0.5270895880603598
28.26492412749156,0.40192854028476915,36.16611135821229,223.9805412050907,0.5897496850254679
25.658507955455146,0.39136921510595624,39.35929981021765,252.3980563656143,0.6390260579591295
36.61883790537897,0.3880074679992901,31.064407248011577,210.46511262424738,0.5408294617823012
33.40399064845404,0.41670956102785134,23.71547295404347,312.24241123738733,0.5389942885611598
26.132501586707956,0.424691181780875,28.37561041390929,336.0536364372979,0.4066507543196241
24.69716099733525,0.4300620990234286,37.2320606856305,352.42561779433595,0.4175514754435001
25.35594820178051,0.420653263004657,31.541949031774443,408.9216527621569,0.4894684692893884
37.27395887379488,0.35159968071772474,33.747783184552965,264.8359520329843,0.5824292171381964
42.50144983809083,0.3623976215313243,29.95305743900169,297.3288328491634,0.5901318537240087
38.370416327463495,0.3377935987585056,34.530605936401166,236.56466198627191,0.5666799676284398
42.62879196091563,0.36723592408143896,25.983515146524457,274.19933327987553,0.6299900185509274
37.226006057939905,0.3285091655728127,31.490624774034305,411.5066364157734,0.4620054569073118
37.45740474347685,0.36111715639873243,21.004554626337757,440.4662781889694,0.4904004013881838
39.519660556264526,0.3629491226349379,34.752972165864044,296.63708858490486,0.5538944863876034
40.00494828365166,0.36376016726115673,23.39662603385707,381.76375471736395,0.5229863263823125
32.80431017191409,0.3816131135915073,39.15142145930167,171.83961214741032,0.6368867816893073
34.15811335387456,0.3655549075832259,40.93841917412715,197.21161131439055,0.6986002719647194
28.325156401071897,0.4118207248885545,21.65277278877669,300.6203303453616,0.5554324328764284
26.406327078309133,0.41933196908827136,39.98093248438321,159.7541237622583,0.6409063248585511
37.44202024979883,0.34234151794342815,33.58600225674159,256.1704130239604,0.6240176339502551
27.610046012931836,0.4463822196749545,32.25326738362574,280.21652774281785,0.5500156383011634
27.80255483862635,0.3856104833038935,33.90072922075512,276.4399402123127,0.5054940011907249
28.821669374493553,0.39729288440686017,29.748047907507118,293.9546225306626,0.6739334505144797
29.28504641562734,0.37973160241788495,25.800838350469522,220.97493186277092,0.6544898208193245
43.38876525040113,0.37837645909734363,25.039618076788393,170.78480598053898,0.6540133075023508
31.903574821249233,0.38612981180235545,40.170925061142604,202.54606323108968,0.6191650342889824
30.780008803002946,0.41014525508218447,28.064599559438452,313.9948758363368,0.5545663815047764
38.73098036971479,0.35894763680439645,32.999290660585594,298.0622744609259,0.6212993093646716
35.07792503783666,0.4159154894158944,37.774981883508296,259.8256410090881,0.5933131415455678
33.43974510572417,0.3471173487265011,23.02469734771187,328.16344334030623,0.5666774825470763
33.727929329829934,0.3452443993147154,26.049555624418545,359.69375032831783,0.5331517118208866
43.45299297741881,0.3713351371344734,30.50061166489029,369.10336014800157,0.5073227992165327
41.24399726965108,0.34403846710585545,22.970435643996833,235.67872240903307,0.609394205246941
36.44908838132276,0.37531699956989134,37.709567033338175,340.8375765663921,0.5474963807629883
28.456527796517488,0.40006028583324516,17.580262604214024,325.1799170323987,0.40391679006921344
27.55890137380575,0.4151409829775043,36.88696093957481,551.545808922517,0.4152049549717941
29.838780008088925,0.4180044632595132,26.131411935041257,173.1970707950067,0.6845200336576497
35.34538509040316,0.36958154148161093,40.80449826853525,228.84480170786492,0.6211935995024582
30.9439145410481,0.3865713449626672,33.52032770944624,230.91333089194012,0.6351691508322355
34.879624987344776,0.3989139629755057,24.90541333014317,315.36458828668873,0.574170930444096
41.08666679389477,0.36593992057758906,30.069387955035584,241.28975864276586,0.5242635598289953
41.26590260524579,0.3588057544428447,27.3288325970638,338.7775445610351,0.5629339032179779
39.76409678779869,0.36537005818797214,30.924857822488327,218.6562606784786,0.6130755927655267
42.13856101778903,0.3628549679078209,30.0348309991151,173.62768997397131,0.6641797796270491
36.240870700969246,0.372036510789263,28.88385500904569,361.92333430626337,0.4911771261430533
35.953790243996494,0.37218582886939805,36.025860399360845,331.2067181390343,0.5158025884090274
39.677069819758835,0.35742359162202997,37.86473570933348,379.5415444166586,0.5085714828593938
25.40246400800516,0.4120947656169701,33.68711925377243,413.37253733003934,0.43340051088198384
25.630227750003854,0.4172508558371631,32.16659700380834,480.0664660665681,0.4280891569581394
28.158679662857764,0.4126214466633899,30.120509585430945,486.9748172302872,0.45442315417332996
33.13277066228464,0.3835296185060382,26.348148051502264,331.4897782916711,0.440100964414124
30.04125311394625,0.4156915738492428,24.5816217709804,295.11147090469797,0.5081181773669945
23.332005287265574,0.4192277151748469,31.760530782490875,426.185451341011,0.3951918217534399
37.54185147781285,0.340587329324925,29.100497084207458,461.08429575269327,0.43962827718854647
31.121475515570353,0.4361955789077555,30.881012049673533,241.0794199330314,0.5793083664500459
25.849979471335384,0.40888741025487163,28.505877227051748,338.5523947937679,0.4971409508270652
40.34233071744927,0.37334843192004474,34.57522202827584,394.690460480461,0.4984083324726193
40.352754922444596,0.3726252084893796,31.880458577502523,379.73489630286383,0.5043568657012677
29.22897046057735,0.35723012106294444,31.26715641455747,280.98802593131745,0.6089677140351873
29.43412381914714,0.3565502109173904,31.31898145868242,235.55640379035975,0.5993211821323304
33.24159604733184,0.3930905081328484,32.01612181909835,226.49754466879372,0.5171022615416889
34.70221107355698,0.35145970098554835,31.930993264016625,219.4269012311197,0.6064288028916645
42.26576755133323,0.36359889531838396,27.355591544720596,331.5314599299989,0.4863295807624805
28.032385723645632,0.38547303131714683,35.38129968847076,306.84684225031907,0.5091924669455404
44.79899518489814,0.3737199451540826,29.85571017308037,199.1445364445026,0.5860642997262062
24.635455308784305,0.40614263239675985,39.07449943851248,367.06990333678516,0.5029722620415741
29.26976364422861,0.386919159006927,40.60799277371179,310.09768117268715,0.577990777774308
30.5400081100795,0.380718501824432,35.094335141331364,291.6656825116965,0.4907477312268842
35.234125019436355,0.3941509877662527,22.794533622598465,374.3775241889775,0.5354480632764613
37.14142868983359,0.3970539385879278,26.168494025452333,353.1863421205658,0.47481620796365814
35.232140403621386,0.4019575334093939,29.96122501193793,272.5662866898961,0.5193619792533587
34.78943460226711,0.4109788255257198,29.083015054076153,259.97963624218966,0.5934353488843748
27.282679633506596,0.3981129258465924,34.44068870378167,306.8639333065524,0.5710375721359404
31.02369033444495,0.3949665925345545,30.214982872652968,178.37573569806807,0.65951508122447
31.772482093978486,0.3772822260149009,34.6892087374043,305.25624587306004,0.5014667007455951
31.056526044703173,0.39322938775942884,37.59003888526774,237.42377998411783,0.6449437402058802
31.517404249397334,0.39184066120263755,37.003449317953496,247.13263482469443,0.6442996485580238
30.891821683003652,0.41433428275981726,39.058247783250536,218.32557753329135,0.570175595052151
27.485889045866934,0.4142323945282745,32.98291685420266,284.9601039526949,0.5612906202680656
23.91470319126778,0.4146592533400832,36.057475108989884,268.4531807910484,0.5409238560163385
35.34577271391621,0.4008425260785264,28.239900457061783,199.4482474258946,0.564492405924535
35.03039365829347,0.3701439597485725,37.91819588838499,298.9649375191548,0.6210206667784106
33.88338750476265,0.4009491176408403,25.166971448960073,247.3660580860558,0.5973789449785428
33.962997911448255,0.39447622044854797,34.94992927350396,321.6343146047694,0.5687410012646799
29.883172400779763,0.40908638610553893,37.56445856610863,270.7398000374803,0.4735202944864299
27.64615349435386,0.38815198986583815,32.29064701933557,240.80652853984665,0.6550280445822187
33.59648158879476,0.4071415833338342,36.68401994210473,349.62261397053624,0.49163122304145834
26.468378875730185,0.3947345736435743,33.179736370593076,326.1646397796723,0.47719069926801944
25.777810763628278,0.4197910334658778,27.813785597039306,313.7969095305591,0.5454241680156252
34.97534410353696,0.39793921341264643,36.30637292217897,309.5350382050832,0.5547941688241167
29.37230578499907,0.4057155859284736,28.307314132829447,201.23028380732129,0.5955104714288167
27.41481498198544,0.4175806111925707,36.12696955360882,271.58810412630686,0.5345769922331867
33.03076102668313,0.4088663749985357,29.732027641914122,246.6086492348254,0.5162490615872604
39.47984075289756,0.33419814600754816,29.7827874367258,358.7301584192761,0.5894440194763156
36.766786171074685,0.41820591765489545,32.405908749029045,226.29631891163152,0.5998260393571194
37.207344990230624,0.40724462801299083,36.803386785766676,215.43580153564636,0.5537248476664829
28.996766543890352,0.37471653518942605,32.5491506848927,407.41834650535344,0.5194382498149457
30.4636474398271,0.3614794162207968,32.62628688664065,347.8605076337821,0.5713424000662887
30.463991408864917,0.3499205105618371,26.889010354529788,327.14506256963523,0.5993951872239839
28.05920431650811,0.4443486245650095,35.90656971921529,221.07795913770212,0.5744875180276853
26.33847703057844,0.4284304042895395,37.78203674053205,191.40671061185202,0.6099083357215566
31.909654942468357,0.38777272809658775,31.138835543249204,246.64468797028022,0.577526445909929
32.77463724496853,0.38113257210667667,36.65220568361799,270.83885478184106,0.5821939484908599
25.717829170305247,0.36138174540673834,42.13498677283758,393.3220946560253,0.570196728004237
36.24210771927086,0.40501718560528294,26.48137560901259,315.011255153146,0.48027336261985
34.9098237362706,0.3693381702669999,31.32804146415039,286.7350338564955,0.6443626506577002
34.01125056247533,0.4173026404282883,33.102603775423766,222.2317343221934,0.5481948686305002
37.330459425718544,0.418519511827749,30.861942114835973,187.11000607733783,0.4975866202013916
31.312981886714017,0.37261924342117414,36.77470593933766,223.34761086881957,0.5447195421886067
32.64713610326351,0.3771570673455176,35.20764892500105,278.80568550340683,0.5244197017828879
28.244327681725625,0.3504471178425302,39.878396794909925,211.34995992627512,0.6686890384063113
27.42717798694648,0.36193403502390387,40.82614396692059,185.61818213823028,0.6487395968403897
32.93801661979147,0.42318106627512503,24.030981893409695,152.9533017330222,0.5681208640678379
29.598605880493828,0.4003811977760222,31.81694767022597,147.56995921799995,0.7108400553400781
30.901072966642193,0.3912136180802501,32.94099028189456,383.5126009249971,0.5171167024503784
33.177497391533414,0.38237550954405924,32.72345891551244,234.9458347743837,0.5721264514788468
34.09415145952061,0.3875333253267206,33.88383969639282,284.52935975392353,0.5823739040897612
34.11187088247489,0.39909220734327844,33.75595619440201,335.6667951185898,0.6083030080069144
36.62774204947256,0.3782573970437659,34.91092945028148,306.1005614391129,0.6324805291012204
35.43441066918725,0.3902610702021949,38.303381959921936,184.78152321343592,0.5406258392382646
39.59393074010935,0.4080617326207459,39.967026282608195,217.68708793807377,0.5782699315460962
29.78740169138668,0.3864413442177591,40.785227320445706,257.70054207796653,0.5198547843642896
34.11281392005769,0.3556975706493505,40.99102232384368,326.1537551751222,0.5762504461479231
29.583952401015683,0.39626886245549275,41.527630974642456,310.27250443683334,0.5465716995932205
28.70199296207976,0.36810706511989694,39.55510137586439,313.73691469694484,0.5474510851178657
38.63089927431404,0.4049958969375119,18.111818648949946,261.5904099722698,0.519543914664425
25.741713187728962,0.38536416958861747,39.24223985683908,412.04863413220784,0.48100889831064114
30.23797861126596,0.40562932652614536,41.13236503342021,380.0624750347675,0.4789410621113614
29.82693736068617,0.38994819118629226,24.723804989453125,215.77050252772756,0.6138556279260745
33.38089557197996,0.38459587547281016,31.634651030593197,289.6519198864774,0.5997116232949
33.465825890833216,0.3851449834490004,23.399735840354868,440.5856958876612,0.37936218181836834
38.70555188753333,0.3927614438195191,25.761494234724225,348.2941986785407,0.3578951388844173
38.125433815969885,0.3921609388165266,25.56033059366133,342.029610666277,0.35363675370601594
30.091628885310094,0.4254299494891826,24.980333914264797,319.07440552975663,0.45282102230211674
27.265169110585123,0.3826133952934085,30.100535484748917,471.7064603972577,0.4493146992026946
28.89509571267922,0.3962466251962235,35.097781360511355,282.79195793903085,0.5063909298200922
25.085860162987903,0.4663363496466203,41.006967637967655,231.4372203919744,0.600958208990935
25.292854655113377,0.4592437188525246,41.36340873905206,227.79019615924264,0.5966848147204625
26.31131956214353,0.4365324719006116,32.349304836644194,269.75988355407026,0.6042321202917699
29.05689262834861,0.4487275620523956,33.74886875306517,200.22141751152753,0.5651030258047605
39.2637593156481,0.3648693996772069,27.969425326835065,371.35204175636017,0.4780593529151477
34.503601621913056,0.35844296078543453,22.238638101265998,448.15966175224213,0.4889620824856637
39.32888228231506,0.3858125065573926,30.8805779945272,316.02746248552086,0.45921048617756755
32.21560707575005,0.36606714440405463,25.66220135055397,273.00088518483335,0.5739453552541431
29.951632745017076,0.38035685771147004,33.598588615779164,362.3201868108935,0.5568240632014704
32.10588356972774,0.3666377241412016,26.85248328029669,294.80853806338786,0.5879863950178937
30.28171924786013,0.4262964131984053,32.47346798637645,299.20416173880704,0.48134926531801775
27.593507374709368,0.3892507326168499,29.932094981723647,240.69709429452791,0.6166930623549256
34.25009074739816,0.3808094538964641,35.27097687030084,253.6729833012882,0.6104918516313882
29.23704651454299,0.4000801635494057,36.59771186904295,228.6335011894199,0.5923308406908083
26.719941526444213,0.4154033700192754,23.69749139346966,251.78718632994375,0.5980020690970211
30.42565195960548,0.4137798091681396,40.81770074179216,241.04870182132714,0.6266016391058898
24.921237434037916,0.41872037242985727,36.346094252825374,254.67682529223185,0.5759574078937171
34.38618431909267,0.41226128109027643,29.80403451948452,252.43138801597772,0.5581478085084481
36.200349429404376,0.38942601940511734,30.527547219020622,270.608564910065,0.5057072452185911
39.04019353491417,0.39918931411888187,28.80698822920719,273.46917078960564,0.5477352657692632
36.84829023006594,0.3694757179354517,37.37568858234376,242.00041226588087,0.5557804871533265
28.37991266060784,0.4099116915956215,27.282621767272495,218.97327463302466,0.6175310359995503
30.581807344633724,0.40899401125463763,34.986399189926665,164.18881879631908,0.68887525415262
36.744329090521994,0.33530868494157573,36.92283288199294,255.3752930517936,0.628674071992761
23.147245811880257,0.4050314711039176,32.562708561505936,437.2341576209302,0.4840210068181622
33.62627799343464,0.3948832055320002,36.61012957136231,123.42932610022535,0.6885877861839942
37.62405295075572,0.411061827663122,36.88646690871732,137.2573604883084,0.6969578973459064
40.260451383795186,0.4005385277643956,36.568998821167334,171.6541936107028,0.6991628060757179
24.389287508579987,0.3790422303560061,41.59683926085552,254.31832579501466,0.5810587283859802
32.687444937046344,0.4319885890210022,42.97525313621855,297.0074762436995,0.5579098514585544
30.53365294648862,0.418949568438222,42.534008166851834,254.44398450670028,0.5683149612376858
29.077999498763894,0.41627124004140836,43.037165680565344,286.78046545802067,0.5805007514967793
36.25821206285621,0.3877973673322866,40.59539669158854,199.60866787138178,0.6625536860956807
32.04820415233755,0.38353720365750615,25.538348248352964,335.3082611886955,0.5242737191481068
34.238091089568215,0.39552572145588216,31.308044948700736,341.9602698963763,0.4704115411169455
33.89606263106895,0.39345999351046756,33.321412742937085,327.13802714878943,0.47243793279320373
28.222364601698732,0.4242106920463863,30.420545523986476,185.68466278225267,0.5970491216851708
33.804871245870224,0.3711886081450379,33.97624802234266,206.18442977975414,0.6369448418295708
31.262654392894618,0.3893066385318685,28.08730547266787,309.14790620519636,0.5184430266899555
31.88715383335154,0.42090557879492496,33.68362668654227,307.93358015943215,0.5034301752541983
32.759616997300476,0.3999055073925543,30.513128941475745,307.70635164569234,0.6045213758433264
31.95732331262332,0.3960037562753486,26.230728612797034,263.8547230959494,0.516330793442025
34.20010226261415,0.3880004212225734,19.590900325754852,329.6082939404826,0.6302719773898288
30.354639083516627,0.3898536579901492,26.867976445443812,340.942279825538,0.5285352023278245
31.518847734988928,0.4032229549801349,30.395144203235876,400.306115869071,0.4737005098819854
28.133594908457265,0.4334284962170845,30.187446909374316,337.43890198682334,0.5373202641502631
25.193079097237202,0.4216750827784313,30.907808757037568,241.38014807948682,0.5475085754413548
25.52061339009913,0.42582666378828693,35.398680145182134,229.14684134734034,0.5241704474951759
34.41910147479191,0.38540254477171915,30.26813650599299,191.28850300826906,0.5807311926508036
28.040765918512726,0.39932353463383513,40.29780946547012,183.86686588114836,0.6574012049980733
34.898591582768184,0.3770649903509343,38.06515052047003,224.0486664087954,0.6111424281981669
29.840011691785804,0.3962047777539121,39.74781820683606,364.25594081950845,0.496720435588281
30.378737992748704,0.3809173966720665,41.20251876092972,354.96704924113294,0.4922469996749742
35.99342333822823,0.38152799509143404,17.687424612141857,279.32271363211674,0.4989122256176641
25.41180168740667,0.3909226067639669,41.058701330790065,469.3824300257392,0.38908471469483746
39.94560776793353,0.38265553011274045,23.77556459762573,173.11234503961154,0.6545510291412372
34.15496596732376,0.3552571996943419,32.9441399376004,288.6207575537948,0.5807734747099648
39.260356980613025,0.36402553171517377,28.62888894750365,378.9541845595874,0.4124945040628507
26.37601819743892,0.4173467162423429,39.7048892110419,178.54020554102826,0.598615815974735
39.47370661802856,0.3872766407955109,23.7792136677209,209.75836738448757,0.6548034407853953
30.101761198240506,0.36003997084802547,33.03409067070432,247.92337431817614,0.605505100812081
31.03831637118616,0.34784401870733334,28.638407009361394,253.13357131223842,0.6876886344517226
34.99416755889859,0.4191516220624629,39.09698145923404,227.27083773129775,0.5551756656621912
34.025624247759836,0.4058820776981407,25.159651554853472,228.74833932144065,0.5398118492248842
42.83652999167469,0.37656105360215353,24.820181746861685,217.81920043945,0.6740791393752902
36.03194893349875,0.3542516008813478,36.37096280375921,379.18103730914953,0.5468695567405597
36.20195943113376,0.41504545014578625,23.996692629304793,369.68477192629217,0.36619976958826744
32.725425044564986,0.3547270854216942,31.85044821513019,336.2469067787231,0.6246578905596677
29.04401602548228,0.3702128861159766,32.53070708243279,251.0706377169534,0.6707956016753707
39.14874366517245,0.38789782942601525,29.011371216976194,263.9951795962578,0.510364072895989
35.03415670162126,0.4119445076988984,28.34460645681949,262.71020258529717,0.5542047017828109
31.659749138522226,0.430117807867853,40.159230806982585,181.4804138263528,0.5660781728410904
29.350591527474027,0.387621108422405,33.378181541995815,318.2201963544208,0.6045481179843648
30.00828616340698,0.38688842957484276,32.59291805657421,324.845749857689,0.4236331889487148
35.967073088213674,0.41476909136127177,19.459637569092656,337.86605956344977,0.5469146034146909
28.31839248603758,0.3971282686490842,39.03993108962036,261.303933439635,0.4664831753544813
28.92824307385872,0.405279901020161,35.0047579343921,317.7855257072877,0.5557113938069226
34.81435745595756,0.3890488077363973,26.867391058170313,404.9817766741066,0.4595880358197809
28.756327029113926,0.38424806731157674,34.56904534762244,400.17803451564845,0.4443502371016669
35.14783903278401,0.400245850856821,23.82806582695665,293.7723308191591,0.5507263286446589
30.71741132823355,0.3730516381602594,38.42541673961575,255.03838570503635,0.6366992630321971
44.43676825479522,0.3651572958335605,34.04219097415323,272.950661672427,0.5833934709707556
42.16119372283923,0.36502599153480025,26.355801927208883,307.5708510750963,0.5410076596880125
25.325075512172987,0.3924497091472346,31.416394865394242,344.9356418267332,0.5300459482979816
34.067940298658705,0.3909491435794933,30.846937855413035,267.46304112075126,0.5490957231840448
37.22443508567449,0.35356031612110883,31.015660579441068,287.5463931314043,0.5766807885675806
45.5432901595071,0.3258057514446598,39.51817557080967,304.5296377760957,0.583184022202914
38.357245214283424,0.3904917822555258,39.29393820541049,236.0225193142635,0.5939278850052151
38.191658911174855,0.3813508294954426,39.388782596087985,238.24037259719177,0.6415499383518035
33.92379133127369,0.38569401889038496,25.557253763764383,189.73006140331293,0.6454970080240109
28.87432642021014,0.3650568273500023,30.003664543721097,392.3854915258827,0.5313275771719973
33.70703062022436,0.3652103080452791,29.405672936251342,254.67741839214304,0.5699339304709939
41.00529739747883,0.35436959847292165,29.715563819862876,349.1675872463945,0.46242907819706724
45.20520576341045,0.34424364353291637,19.117470332239133,497.64001347649395,0.4368891190609349
42.357925202812204,0.32065978549568186,35.786040345659096,362.8738746254661,0.5256472832454302
42.969855647966035,0.3257264787779928,36.54959352713955,428.8283703568246,0.5685202401137992
43.29892987932251,0.37097492617840294,23.70824944689922,196.0646265019727,0.6281842880352612
36.73785332062236,0.375959799945868,34.94638858740681,294.7364418170503,0.587944351834839
36.10149554859677,0.38069003986565664,36.37939030231887,279.570661717339,0.6226863692338046
36.60797768863988,0.37564415297099285,35.40329307370757,231.31116761795897,0.586313231972816
26.333546707658954,0.3824613919138981,38.33951073940073,222.07950818589603,0.6294971723542996
52.15258639969373,0.35662491642630917,24.228525709208554,255.98181903892993,0.5716526487498339
32.883922885348845,0.34906130276487846,37.856746832995945,280.5306532781568,0.5970086442963954
33.30788325385932,0.38824845450711315,38.06985198626464,322.4763783615626,0.6069215119978738
33.528476179416906,0.3758892045380555,39.95530828608702,256.6159251853648,0.5535010197539463
40.97518143839193,0.3651623331649302,32.219123465982385,276.572951422742,0.61508271962064
33.721653706047704,0.3723092112849138,34.311876565010806,251.10922537497683,0.6067731270147333
28.344036963393915,0.3933763638234376,32.80464700667782,196.56925885636127,0.6421791325583732
35.31929172263388,0.39011397173213674,36.95286553004491,238.18590854731315,0.6027678172038681
30.96607901292675,0.3724477069879793,26.95415301392749,265.56930134736547,0.5373225641498538
33.419135958885306,0.38355097663862603,28.225454844417932,406.8770471235421,0.5181600920402977
33.47920000872472,0.37896887484939196,33.654648599072566,235.5052246963351,0.5561778602919463
37.37406806393167,0.38233151135819143,31.605089251459898,315.6176960764313,0.5978653850899994
36.07413217957417,0.37135827892955775,37.54694460728137,298.59026904870205,0.58907695463439
25.256255450642964,0.431826793674806,27.98389808107002,212.77214348670933,0.5953574576276309
32.93504530203101,0.43392441455507075,34.4835901523284,164.49482896361087,0.6228683245063289
30.81645835504668,0.3837440743894132,32.91225710040073,207.66360860335058,0.6799971692514737
40.170870978876934,0.36318397866985014,32.41300362163596,224.6015780551579,0.5881974474306919
42.46417668444831,0.37155974259116414,31.006464881468585,307.95249139204003,0.5441656317499778
30.354276293979314,0.3740839360053124,33.86505074151097,247.65465675652473,0.5731817389770301
31.700056855501465,0.40084767472128946,36.00554756406088,217.62661300966442,0.5467622244397374
26.691157131859743,0.3936945549727063,34.090368312132405,244.054999718071,0.5865931871961337
32.19928699644922,0.412136958478461,36.37545086226268,264.63155345832945,0.55583660458908
30.030216318332194,0.38319570018528487,34.88111510318854,290.67802277053477,0.6191696237230333
37.08965408927866,0.3971732617252772,33.21282942377813,213.9925178916205,0.6450043928345404
36.20411209129406,0.39375505492147866,32.55608630255911,220.18242812319787,0.6553991012542405
39.8084365802509,0.35464528019173325,23.530500655581964,377.00934053223756,0.42614496388915535
45.36198458576882,0.3379161724537583,40.55679341370793,392.39400091153396,0.5312737752659653
27.898489354369534,0.42125312139751636,23.52944182947263,183.82033558442527,0.6520448424279166
39.373842744208936,0.38026592920325936,33.53735728120538,186.7770474462513,0.6069532457596476
28.373132331338,0.3839568356739369,38.42871602144064,278.8245922890913,0.6355085440357039
28.921439404779647,0.4311396441132648,24.246707760869583,254.43982277611164,0.5156543155739044
27.168554277049395,0.3837029928943212,38.949688846939026,307.38067152991937,0.5614526578235651
33.50708155537496,0.36717489107923973,23.14150249354577,224.04167218110095,0.609778569853094
32.78937366535813,0.37579862824262095,29.899982278745252,262.60795996804984,0.6392204401221393
32.57985284480857,0.3832719996380402,27.7918658844034,277.63780638989084,0.6092521993843308
39.18577180688231,0.37152277473445655,32.77799290252332,271.8568253179123,0.5674921437404725
33.589042306956095,0.38192451066951083,29.788783120468988,284.5640103142109,0.6129972150546763
31.567516358394325,0.3934270661040814,33.12768979100161,292.3270440133489,0.5591250651723272
27.80749462207871,0.41132077752244073,26.794484145445136,333.1433803743948,0.5220560333318834
34.46198472256406,0.3839135911868623,31.192278811415868,316.98782966311137,0.5395744948629564
32.34412677099981,0.38797044242934237,27.1506153242429,299.1554300210593,0.5571396153298122
31.74359192603667,0.3958908485244225,26.353243918619818,252.24345022303612,0.6442314394780151
30.35605976050585,0.4010324051743676,38.24382999938921,260.6337973211116,0.5800963697916184
38.347900012653966,0.3865459069130666,24.901820522048887,356.650870770647,0.5424865415453273
38.10746564689661,0.37288605127009383,25.641829925841314,347.8007962580037,0.5116517749512832
30.932346521539213,0.3640681974207837,32.20777452624302,331.1435703113757,0.5528349594226633
30.471938509995628,0.4130816725421277,34.53263171763497,279.1032538128337,0.5692804075588651
30.61707170291265,0.4087485937970475,30.52190867557611,250.56116651860253,0.6134191907209411
37.84038001734419,0.35631986944436783,32.91454342679961,251.74390730351953,0.5947328880757978
34.77219064587245,0.32591921831662385,38.017700576152286,300.6349113341595,0.6395228319262612
41.61200208248751,0.38627437432505624,22.451909908839863,209.15079518704943,0.5781525414182308
33.488524028589985,0.34514796352500643,37.45755326856304,513.5494698551055,0.491797591030503
34.923193763622706,0.3490376525511966,31.623382818443435,399.4109715094015,0.4699582850885036
29.128541501369355,0.4001645871167738,27.80235041982711,203.4444160075004,0.6068816286470871
27.80063948113794,0.3941669718620658,42.66904915551912,209.5629507173619,0.6616407927755175
28.778741489341677,0.4448970855717323,25.536957886029654,240.93688470638043,0.6361740719597918
25.912921855445315,0.4361066202541522,34.541740553073154,178.64372723308182,0.5379905170783429
25.662702425315405,0.42761396178994726,38.829626960574174,340.6214028977718,0.6138712524475404
38.07465109861278,0.37919332651774423,32.721797599940274,254.50059170239757,0.48500304574430386
29.18225472581583,0.3601025904151304,39.0136290117626,192.98940018768872,0.6743793239982353
41.69844143376088,0.39684869206057644,38.63655780452096,177.41977390462742,0.6559561987458967
34.43414833602928,0.3725903924731798,42.82756546827766,168.41390319197444,0.6553582331725117
34.31050420326232,0.38398053794364356,27.976700368047496,226.391376039,0.6493931660022378
29.640969409628543,0.3447863308249835,41.83091477441436,316.63402775237034,0.5903481722592061
32.38092852786652,0.3680983461730338,37.85193653128447,240.34194558940885,0.6039155192106387
33.91261154181443,0.38372993844371184,32.823443022593636,250.95541627364582,0.5990082055375914
41.43666833387334,0.36418553087372063,32.90014456251356,247.3880237916903,0.5927888802799265
36.17479137207167,0.39002841838607305,31.22997720401304,265.40070162375156,0.5496056223262537
34.98039978586689,0.38182090434830535,38.67721918974531,258.9587322026824,0.507410864634315
33.76676080837174,0.3638587487534529,42.3711504933645,431.17556256798724,0.5133466270863627
37.29411583998928,0.362366785181189,25.19710127424301,183.3212562056634,0.663784902667442
51.366143202388706,0.31147717913969836,36.6864767653702,307.3427566304287,0.6025875272355455
41.938223540110094,0.32338125816911834,25.225189486743673,165.28350368175032,0.7222424161471384
51.49910062363271,0.33549395496700807,33.86511438654381,233.435670295446,0.6266944451503209
42.7102523239116,0.31384898661814103,22.617923469215498,332.4314389707074,0.591849521658381
43.60113592785976,0.31843411833922247,24.499782153917213,304.5001558062996,0.5822175874167855
46.60508806294757,0.3503165106042538,34.35028859549204,278.97614054999605,0.5857971374759859
49.88617248628462,0.35938592340532,36.87281384393362,277.3852916236273,0.585652865989242
35.300932123243605,0.3438276055056346,25.431658012969006,298.3677566360949,0.5751613086000084
43.622468928220755,0.35861452067484184,36.46066211806381,223.80331141818652,0.5505722837271838
43.52795688222101,0.35935051051331107,38.71006446044432,212.3167835174459,0.5969578767435265
42.92842196470384,0.38161131303375356,38.804336485922704,321.09943606932745,0.5415569648557187
31.14490267707652,0.3558070642298073,31.874162544729444,154.79191785931252,0.6965329803781042
28.627361467305814,0.41304783690392133,34.0894205144906,288.04523468331433,0.4385928571811117
28.240936701735194,0.4399570789900206,33.37420239337511,285.7797657329285,0.5293505998318264
23.9047422216959,0.41517082219949614,27.002613163703252,415.9146164289903,0.46156415332288836
37.3039674423227,0.335488649096746,34.66989260919327,282.31544168494094,0.6117008449001069
36.173866423391914,0.33558115031092184,33.398046058381425,244.0867928558153,0.6147450655617197
50.89843712692195,0.35241083043927673,27.329100415070968,314.7944622352143,0.5089429041513525
37.967246559246384,0.36517186803526225,27.53449133384693,290.1418831286411,0.5767062121668998
24.262555418736255,0.41766861689176765,34.654483266696005,258.7149797902407,0.5967090814871578
21.15144473652892,0.42070802193834106,40.405154636904506,251.24226341102403,0.6376850457136116
23.58728287807675,0.43231817723426247,37.439023620378734,189.08153937111203,0.6390214853607225
32.8293455182636,0.3908446143682388,26.047198718181843,286.166200876551,0.49324172757166224
34.85976001507527,0.3874622240569456,30.07450092838823,300.5133767491612,0.5018820240698744
35.27226097065737,0.3942999333138497,34.52688906330676,235.28385517214738,0.6027844977433461
29.204213232945598,0.37506128133400457,40.112109739935946,229.87457192783054,0.5867934613172188
35.67671844989373,0.4075754061033131,31.74088825740055,276.5464820475173,0.5516224605112368
26.399761241869818,0.42187046851063636,35.067044114344306,188.23634553967997,0.6058661259026215
40.8164000611584,0.35124519948934224,32.00862613272889,238.5217878081717,0.5855499014368134
30.610022571218156,0.4131666311892521,25.8861415277565,426.8257109341831,0.4423053639837724
32.77167610203639,0.36639995116773194,38.872299971855625,348.55600051068217,0.4454875294702065
29.111954360929598,0.40464562037022744,33.332849905680774,311.5738397992393,0.5892769572651164
33.52132831940772,0.378621717947582,24.894038377377225,358.28464013161494,0.44111439829719706
35.19866838608612,0.41312176967884706,31.22788827821973,393.70580951968225,0.433317512745908
30.865661552766753,0.3621342089919336,29.384185813860647,361.68665972799124,0.5093527935714801
41.656119535661205,0.34493260369287626,38.82559065407548,425.1135992263077,0.5076637026511781
44.68438958278325,0.3416115642923943,36.028828811584425,431.91809229151016,0.5006732434396111
40.47360135879808,0.36515670174544884,34.938091320057495,371.5820074799477,0.4836363198764163
37.52008993651033,0.3650508019962289,29.28519557008757,444.0857900181946,0.4764796961212389
35.16150871491758,0.3734822017781613,28.868208146951666,317.2843865121369,0.531607700802069
32.33301126684039,0.39427647388157094,32.408556418144016,263.19314960046296,0.6120347493567236
35.566671667658845,0.37418735825738275,28.033860130721386,298.6039556693603,0.5828709782295751
28.982565120088484,0.3963172826938277,29.721376098333277,272.20655889189595,0.5417188974787323
39.40467760664973,0.38874982340260844,40.37687764372701,265.5176502339419,0.5374316458127766
26.75661468215752,0.3654325365379029,36.3633498186472,338.6925699717956,0.5447244026894091
31.048584994025227,0.387482324328592,39.3061617907787,360.1194406578681,0.5048230773201621
38.2387753497018,0.36606519077656363,41.156941462173634,242.87127909607386,0.5956450530014841
28.316158682014038,0.39825505497414326,24.946324013070914,385.5631542566748,0.4317843745910404
30.432508811801863,0.3897915272012703,32.61966846546354,327.05839089569434,0.5236125997608979
27.50584483769726,0.3961883446863391,34.86694013058438,358.9011833092992,0.5210683791824192
33.14543575244139,0.4099491751117357,26.40856506646113,283.6117048330674,0.5218791780962707
32.6730588220004,0.3727998817652303,32.11128630549746,312.1359393444421,0.5683090962076313
35.62151635080553,0.3728920619583535,30.83210331972296,287.9706750244117,0.5276566567892945
39.39857755758092,0.37732036328158053,31.230150272405304,259.8167430842288,0.6282500244103351
38.205875032523494,0.3951169030927232,19.065276767616727,272.9976679520516,0.507370933346658
38.33599145060999,0.36252026561658796,34.8055789728087,296.0664405736989,0.5903780278910793
34.48529554718021,0.34886068355700456,24.856399561841293,352.01773308185545,0.5201134511969011
34.40039984844067,0.4152373377396549,34.344293647507435,259.9403035133762,0.508591518662709
28.67809106061388,0.3815151777265573,29.450754356166353,261.83088994994904,0.6652200345721782
30.83255088292423,0.3660725994602932,32.41463265243713,232.58079857885934,0.6375843246169695
26.504871692251058,0.3938543672089871,38.7870886924418,224.80305579040177,0.6196477694142591
41.26502768010433,0.3825332775184753,24.499497918391796,387.0292696747291,0.3881628132372331
25.49386291651103,0.3907633464397332,30.14118083836082,366.5141769941447,0.48220257704956954
40.27364973787747,0.38096039053607467,31.486324617069656,215.78193931169432,0.5959937281158624
29.593062862272443,0.36280914062224096,32.41664026921624,340.3515405327259,0.5627776522155368
33.992147468677594,0.3641526490973277,36.235309886489475,297.06140247961395,0.5582047665857545
30.481888991441654,0.37806208426247456,39.712979715694544,275.0032318930142,0.5701887210923002
32.099958799474635,0.40257490786620365,27.826141178074206,296.3849558079202,0.5896347107434746
30.789007870260004,0.37655881946229214,38.37344470463974,214.2660764641983,0.5982603643918665
31.60044741211846,0.37475465969247396,40.3528410562339,179.51465018527375,0.6135356699421867
27.492691980997897,0.4180489887028227,24.274320499854447,225.76109713304388,0.5190387825180035
29.268000509898016,0.39774847182713674,29.43593094253785,270.1276776194378,0.5932412198435927
30.169515013704558,0.39484523386612314,40.37526240632335,221.0186837599175,0.6477072995478986
29.54358503213106,0.41489224801364427,41.804744436042334,210.4725918283942,0.5681520532058036
32.024386704211565,0.3711264870065113,28.411211307158243,218.17383149665926,0.6472261324469496
28.587752671833996,0.41393682361905876,35.87722323743016,271.5969733040045,0.5419253104020222
28.718587231179207,0.38910066145250427,25.688589448850255,331.5299451371517,0.5021293786949332
38.612674580361194,0.3383583885027926,29.450828576461625,320.4413935992565,0.5386333727194398
63.03808860979928,0.31313743247665293,32.42721615105541,288.41848632995425,0.5838101616408045
72.84728626935016,0.30914341691056246,30.709422674125925,274.3136423021302,0.5635766184956427
38.5682858507794,0.32726202886410116,25.328959600188114,350.5729120431709,0.5918815769927155
32.65663422681667,0.4243168112456672,39.63722728067778,256.80374657780766,0.5082432412883744
29.133782602452957,0.35647539170902,40.970810049851366,219.04582136784148,0.6393871345247981
38.748236742650384,0.3947806667605295,43.54484786943422,295.62547510700705,0.5695170762096016
29.793375189085914,0.3481231843280554,43.94267351607444,319.8160674546037,0.5050169864518366
35.98730127823737,0.38420189757016476,35.113968337743515,418.91142185002957,0.48081181124782074
38.381795455106435,0.3587153460442644,27.449975373225776,220.05531324797985,0.6414680604124788
25.646698551120434,0.4499592568673627,37.40520760391189,215.61891769453547,0.6404474634865436
23.549883196831523,0.4282754783977728,35.591850949597166,159.11291994171881,0.6471637056326165
38.65879558792895,0.371747573653036,29.39446961056251,294.088597185361,0.5078017569503226
28.604977993673472,0.38749305054193706,31.324369557388845,235.99582084525167,0.6235569040093949
38.64823925232553,0.38636851327855787,33.80005868317004,237.28344731307124,0.5987013740532459
30.378529970037548,0.3808343692207575,38.3534389287016,221.75920998640947,0.6109001661318324
32.584021320061176,0.3870301998710921,28.653839745211066,269.66428860523456,0.5963720312235605
37.82832360614509,0.4118332453994645,19.826619033604146,258.29835949962995,0.5488559772999465
41.2719060136346,0.411126582264501,25.109171678843303,239.7054034542944,0.49188712045593797
26.093069644725787,0.4018686751225138,33.400750438227156,279.439892682587,0.597039033418727
28.69464379877099,0.35747470712698326,33.0749975805936,390.7435779319382,0.48652892714836427
32.83927393456517,0.4086701572855597,29.297399569737017,203.89019826079593,0.6174348587473952
31.653186393120322,0.3715773178698653,35.129164227896254,291.8394228278133,0.5771680541407123
31.05398288111611,0.39243521466542997,33.282674001312,315.24217054140865,0.6124755706131549
30.695788584566415,0.37105534270754453,29.061198854463584,281.1766398051877,0.5353067211137793
34.37480839298453,0.3646914066139704,37.37220482216118,288.14963791672875,0.5966467055736018
31.46928410894435,0.37514083020526595,37.83143105967392,289.04781573806326,0.5973101388664518
32.20827031195326,0.4131575062917919,34.0839336197009,185.7881973778112,0.6355136651225235
35.23067665117227,0.3809646787748632,36.930478595394234,399.2206686197361,0.47371166266631576
32.991140895354754,0.39496632463060055,36.26023796838656,318.42806360188314,0.5997948286719544
31.627080759051363,0.3863358927908698,30.600559239523285,281.29085597096963,0.5841571606190579
32.27755073035402,0.39667984445906823,35.79504773826097,265.05760646997584,0.5792664069440863
26.75310802124148,0.42507507559315594,41.30979937234494,208.69617734486516,0.6066830265393278
37.22517656885979,0.39064373257412227,23.571656936697295,254.03593051714236,0.6083113362038619
34.50355074652105,0.3795617786989488,24.79870261165093,288.7562674331716,0.5903594430053188
38.895562605344914,0.39115701506325046,27.726249094838177,282.749398239148,0.47598146303370154
38.1324193961124,0.37886873009488903,27.0072401219578,281.05233111026877,0.47000807151026114
30.04025373371168,0.37201103091558724,30.44636247306324,412.9790969517328,0.5042767740745054
36.6213649148523,0.40357904782807147,31.161794472420375,183.6565913291362,0.6522873279915442
30.396074719166016,0.3758069870675647,29.965461162427733,347.75829804853123,0.5239123627988145
33.38395516765763,0.3904684056136894,34.61067373383752,283.38600452372464,0.5491118363190333
28.478488703831566,0.40898901873244387,38.28755311865625,171.24097691607153,0.6311101525686165
27.905940598820816,0.4166011647438116,31.562406644205744,265.9278626954423,0.5996869835688521
39.151868541294945,0.38469212496283234,28.10094628205589,291.1504043648934,0.48476167437616857
42.264965706085924,0.385334887529256,29.342729397826012,314.0945679709488,0.5732872494742377
34.30741584850602,0.3378133229048154,36.76282157304977,258.5992149051019,0.5885163267066732
33.31706596899442,0.37034748777160176,34.33082299599511,243.05555910255632,0.5483320376623343
40.18566157692737,0.35592366717159035,28.23133696732859,312.57819166191746,0.5551535205682129
39.8042575338894,0.34683954921540266,29.49445969396431,315.4707523857739,0.5234662605031756
48.56971202925328,0.34055270273725785,30.43664659359291,320.3989197380222,0.581750642825367
35.973595786995624,0.38207955442035324,34.95050571539758,385.87706006642185,0.5114255595361995
34.485533678554795,0.36042663995853874,26.876233911208093,237.21382273093928,0.6935246511267398
38.96329296054626,0.3443471809969474,34.605586568153676,231.82493459912862,0.5849241689922238
39.800846275497314,0.3514444677884833,44.19002617968286,262.6420941768046,0.5408607873914372
34.29412918559855,0.3371057702220857,18.17028172525366,261.40099788606926,0.6227589233074293
32.96945460944805,0.3435470965762988,23.16086098938013,252.64139011739996,0.6458295116458479
38.26289251797801,0.3798365798363984,37.45356945117318,407.2162727103027,0.36358564935684934
32.386558749531304,0.3474752365315455,18.91351816998789,356.25437841075257,0.5388835887347346
26.1424391934543,0.4362902804507577,43.34779138621063,155.7716216975851,0.6454637174317487
34.12355667239883,0.36295512024275395,33.97646123723967,388.0327850188759,0.49316178049298875
32.55760881952029,0.3879031473213172,39.22758976143261,258.49702583722427,0.6289962332868491
38.62045664756105,0.391218385369873,25.29318908213265,234.32087659471415,0.5722112119036468
31.158851758881788,0.3656084220053482,38.26041967043409,375.65220398801574,0.4977363528314859
33.46856431749338,0.3895925115025567,18.711662674092583,317.19017919503085,0.4162794730792554
29.76145530842962,0.38912859969446534,33.76650407014374,493.3484983758008,0.40339652495926553
28.939842357992944,0.3708340350501458,30.318289526485636,455.7175839664119,0.3876319044228186
34.412775983620584,0.37032569578995117,39.22089930852276,182.999459669465,0.6974268638033794
36.5861290871107,0.3748381355701578,39.33758007632445,422.96270311735185,0.49280582916391336
35.42197955794663,0.37717929128750155,33.787450953375206,194.5773000807958,0.7147377911497328
37.34982521959802,0.36449120736501756,30.93164083967728,166.83946340642433,0.6902607832917842
35.07254915295706,0.35076441961924415,32.5357268007824,176.29938331579103,0.6878956119593601
29.204048956662028,0.3480369949407301,35.52132989457438,194.04393478395872,0.7115887881909263
43.23307108379411,0.3517193221515221,23.871190626062408,400.84743731425704,0.45088477069173566
30.384748721939683,0.3769446245629946,34.210986776990424,279.0442631200451,0.5192221667012853
44.23574823652638,0.3629942605391311,30.624103910923196,348.8708249957163,0.5829990715220701
39.81739210740583,0.36885678582527737,34.75009682745124,332.3286757361193,0.5058302462277994
26.78063235073049,0.43954251129779315,25.40015115637081,388.0675791840615,0.3918295762446709
25.348293111438387,0.40838920871985407,29.268576249646486,422.98261944055974,0.4790189340366222
35.042419979501055,0.3986884272031632,35.81413455263505,174.31676176316216,0.6845901335012561
28.882113885523694,0.37080873155108157,29.36283714659721,518.7468140460254,0.23694882681248547
35.977957477180915,0.3971177753795704,26.193349484787277,483.1991476448316,0.4935721188609324
34.975985759408324,0.376349983493703,29.304723469346726,392.1875037485442,0.4293003737740886
39.858672225017486,0.3488968191059759,28.781487805791937,223.87488328687814,0.588673871242899
40.869145647197534,0.3468519295402019,34.35372850237259,208.13698685793713,0.5879300413269629
44.00618173186688,0.34814892404441966,32.697562067350184,271.02461934173704,0.6249289179863472
41.210924269252104,0.35117582629478505,26.230118481688383,305.73699901434355,0.544077738627
37.277142964029935,0.3714192554955699,31.841188166463702,301.730834893821,0.5070769088669732
30.854045097373035,0.38359962242436674,30.081573591833955,244.2793432087167,0.6257833218986607
35.40989288354276,0.40442990116564875,31.57489765721502,384.454032091558,0.45102789244229496
35.189031104371274,0.38012609750827325,28.404884718089118,424.9078613373004,0.47816894660786324
31.73267539505232,0.39433212232149234,29.68273644254313,284.0189046002232,0.4837308315186646
34.99063592578461,0.37773086086387553,32.10616738172056,230.62480383918168,0.637455232230291
29.155962391620374,0.40622043455811985,31.65971454214933,190.9158544453862,0.6232729658376828
32.60815541731777,0.4048132926691283,35.46384358953248,212.36622770113274,0.6354706221154499
28.863650095983235,0.37543370603853055,34.86953378660692,182.3027951079255,0.6517671022441575
33.51439721586693,0.38905498101256925,31.300853595559975,317.07651823161046,0.5874254927837577
27.704558982040446,0.3937430842537343,35.67286692397881,251.11170193643795,0.537004317509044
28.088405466600207,0.4003317238227761,36.32376191015051,247.80105904801178,0.5224440076574347
33.8577551957176,0.38417403079749307,25.88051747043602,240.75597254592412,0.6702682568804845
31.943647293677333,0.3638099431449271,30.955810152953827,240.0524804038254,0.6154649099435214
37.93255726459608,0.3801081433527218,25.873075243497844,235.18634445434571,0.6347055743636805
31.275951798088084,0.3803810137142424,35.462550949554995,244.45007624320942,0.5981362234657901
42.816914037160764,0.36214850458670705,29.575104312250847,201.7178858852986,0.6384040592075051
42.89962474458749,0.36954510448486977,32.41333509749419,190.63406889004503,0.5911399098646475
34.41315092335675,0.3535381352986818,30.708403061528468,341.4291167724791,0.504370621298572
35.409344843950706,0.3533010644260686,26.625633372677914,317.8843880905286,0.46603743315237994
41.50242285754535,0.3533651349256156,27.85568210107086,300.53980003175894,0.5997380066499884
35.819205849754624,0.3428510756331448,29.416234914579,202.3325417428517,0.623301452998036
36.779732404195784,0.35454806031900504,31.837460188388704,215.13565277923036,0.6312416243029946
35.138161616773935,0.3927840738035806,38.03964288719484,205.32773776719415,0.6037436770139081
23.34748767278143,0.4445354066841465,32.86982875258801,196.46965991369515,0.617819707612507
43.74026197559722,0.3514032993800718,35.07304359465956,262.29139986998865,0.54213781075982
46.59730313384146,0.3596993142549979,35.313833269945064,271.1569872046677,0.5520770356766229
25.49541573764833,0.4301732520287392,32.10179992458981,203.72808433931843,0.6034365468121293
38.86883601992428,0.36067061281078966,33.1700162575304,346.69295132525843,0.4792049642741931
40.173973083802764,0.37523894895216736,28.048909879439005,369.5929450700128,0.5860450040265901
34.53105006577006,0.3729818327522188,29.121551287919623,195.58719977780947,0.5692938029517586
36.112639953826445,0.3862241207781583,26.58620286177286,245.63039391682506,0.6231521183255795
34.204516724492464,0.3648803401213745,29.849619005828444,211.7775992450677,0.6223157320466101
35.60562757720073,0.3815806713179465,38.097282968005445,240.55531943056207,0.5696967525344853
27.205557317949,0.3858912777187493,20.84343735318639,400.94732259503326,0.4727588462599363
29.19363580671921,0.38236098890672987,34.94792854872152,374.8967857260886,0.4702720967834398
31.93271018094627,0.3932595110374316,38.98572999054085,229.8070129980663,0.5833293540854612
34.801188774403485,0.39373757135617,24.73218564538137,227.2373935081128,0.6208846173247402
32.87398000886437,0.4035990757129576,28.248904307495213,232.1188433577383,0.5607806826912709
34.94999175058974,0.3816733303517632,29.38003485444819,285.14346719931126,0.5866589554507556
29.021868643949748,0.38550255867973426,32.96933999702558,245.13568931811102,0.6440595505105404
35.56408001227867,0.3967064653303563,29.99384593319292,348.2919695199217,0.47772585047779725
28.438477230961844,0.37608847209313606,29.6541228809935,272.80470661729066,0.6422891693809253
46.32622536413087,0.32043112484341546,34.41431624653553,341.19699133214795,0.6130318846444783
33.28250528092474,0.3534034799135864,27.142921674774147,374.95248585565247,0.46900997319628157
38.78076149599518,0.3689702096081095,24.28514972420544,417.73104800546866,0.43790027689082317
31.870654311078276,0.3878053148991266,28.88224995803478,322.11478698922093,0.5162884521499567
30.44432447460022,0.37263611355108356,34.21942664199191,365.3149624628925,0.40738595987740095
31.746191320603174,0.39218109054772005,30.52975147387087,155.22333737892578,0.6161027171316782
28.03578877898232,0.39536425481725895,34.05214926412066,263.2791364098811,0.6387785710498806
36.11264764408623,0.38462640645898755,28.76039958715749,227.2747155804536,0.5806065514071614
34.08494370811446,0.3761234960515417,35.49455271835856,319.57125871728755,0.5803183575390988
34.33397680127184,0.3712505520394419,37.28728595639116,251.54992045279508,0.5467415746939813
27.81318107460931,0.39130518176201784,42.35537735874458,287.1887322754273,0.5026620244364222
30.03336216934981,0.4187442167838541,30.34451789730423,290.65071484245937,0.6004911059482679
29.735781317051686,0.41616737092554745,31.906907281324088,268.91304920825064,0.5726894975825494
34.86672499585228,0.39244631021395115,21.69017824372346,318.17103224098366,0.4783681338966522
34.30139919556041,0.3869129936212673,23.566867122603067,292.55227677931,0.505979883349191
25.548912533498992,0.41410380959095405,37.384681032165844,257.551505612679,0.5728354695164293
36.42869585253907,0.33741443808932514,36.38202952161638,310.20440824791467,0.5999396418194144
35.02716634563403,0.33986919660172665,35.079278081619826,296.9522218141843,0.6404279631421934
33.118995008564184,0.41005017082999584,32.15075326256071,348.23853509907786,0.4001149736069786
33.002364705523945,0.3944926193312294,31.880630142419047,366.5841441058096,0.40519470968581933
40.919612545563595,0.38690950393314805,36.00160397727394,196.45365705329223,0.6503723561489548
39.82930926293109,0.3333621402523753,25.160035713421042,205.40754891921085,0.6062898740907338
40.722338252477556,0.3647306815130783,35.89743836784473,234.96788160604956,0.6368468139298152
31.045630972587468,0.3905565293388569,34.356370064525066,354.23832951067766,0.48192688302298003
25.5165881001892,0.38172468090284667,31.64356416858734,274.76604111706075,0.5332097182951117
54.88427540101932,0.3315179991545619,40.14683101073565,223.9396119285166,0.5773227073384581
32.042276608407406,0.3699125175505716,30.26115714324978,290.3502282180038,0.6318125437484906
30.873833998981876,0.37920560164585065,37.5582675989164,235.86582261599733,0.5677274637626079
27.56102133443652,0.4043159831240101,34.51240824913355,300.9815118781141,0.4495882370766105
25.37285756561608,0.3972065796954466,21.136964348572505,669.3990596971308,0.4304477775759778
24.82040746850542,0.3993846325735875,33.89575682111877,391.59774483424724,0.4341633581887807
34.31350105705598,0.41096893189084044,32.900074970651374,342.92460428169926,0.5165434938330957
32.287979115973926,0.3603752616932706,23.45724574074728,353.04486080450016,0.49317829450543704
37.76754647184955,0.3427949541550027,31.508783533733734,309.08312292001483,0.5753846074599652
42.97559778015755,0.3799632638018126,32.15553632251096,172.37430666678293,0.6288428128758519
37.27764558538034,0.3618113290285314,32.49695365850418,320.21679920328995,0.5754299710933606
38.29432647562743,0.36423167790313443,30.898308860907964,208.5777501345521,0.647261809190886
35.10683315989963,0.3865004917247244,31.986840984713293,312.10202787048115,0.5478811702525097
33.651290122410664,0.39587122091596966,21.161852041320586,323.587273967682,0.4642624451317534
30.585117400910413,0.3715536710430732,38.5688799458268,281.3154487926912,0.6279341692659072
30.836437042885617,0.41244170197708735,38.73319962130244,236.72246313396636,0.5597825914263871
35.90155922468752,0.39012113659316194,36.532155091645656,263.9945103416496,0.5745676974385391
32.51789000423701,0.3863394775079932,40.62090100791835,319.6227108573143,0.49786807482667617
27.60058683941984,0.39763969039859853,25.512359349625466,325.68223205000197,0.544204105537898
32.32837691380694,0.40797742784512986,30.67581617430931,311.7040006404665,0.4615034431507204
29.811664141624604,0.3946791965544745,29.745206368803064,257.02239036159904,0.5145713963235953
38.38390772078812,0.39216633680878216,35.757114859698774,263.0077124489472,0.650567335574831
29.767769131952274,0.3995515316042953,34.00748823200418,185.93528680934025,0.5467640753664947
31.681426720605028,0.401900871101177,39.637318087474554,408.77031820899685,0.5571781479939864
32.963592145625334,0.388356623192301,36.466390850944336,289.53843369319475,0.5168322706036418
33.118936156767674,0.39309142075691755,28.088237185565124,309.6822748326987,0.5609826705884202
36.16192773814866,0.3673447537982348,29.733952684683135,294.41426605034997,0.5221972611591738
27.502274236350612,0.4214907444602489,32.0080956860422,244.83137765742865,0.5262260908222016
28.709171624838046,0.3965216821119814,28.983960705732056,298.0130149326468,0.6266469857280278
29.992320754647672,0.3764860910716193,30.948194159595086,228.46107115540238,0.5720239708443459
31.064747105290866,0.4007142906806301,32.967319885882425,255.50081354486508,0.6539714167939817
25.20013651227265,0.4129722631975626,32.13769632718958,182.58133613412042,0.5558370440947125
39.819405089941306,0.3603390566527389,39.097893752012155,490.87258435753836,0.5509607269523839
27.801528557101555,0.3192179447510454,37.7479270001886,198.24198689022444,0.5970122889557478
29.961800042559613,0.32327259943218073,37.068445798260555,277.0341946879198,0.6353593126613535
32.79048042073954,0.43420780290333366,25.49601840405999,240.802264739375,0.4547360327752048
22.928432535784697,0.38947690698710125,33.663436750970746,414.5097813977062,0.5189594978155162
24.653736314665554,0.4147182502312628,32.010640455285035,381.4752413628727,0.4597915314753305
39.51758870985021,0.3718740253511945,26.734387649500967,292.12977410226256,0.6139235607590289
28.716138189131915,0.3856768760672125,34.93614308716594,307.29210569000116,0.5050094797910304
30.77887287382725,0.4029062285188215,43.27947662878529,256.636169185923,0.6013153196481957
28.04212180734313,0.4103042517412037,26.63203695037019,295.94067008504777,0.5472281883495177
34.01575923490519,0.3985275824550867,37.923922090684954,259.7421497182824,0.5731958503818281
31.317385723760665,0.38871941888596157,42.65009653465267,182.29074203249232,0.5861728626327796
24.7287100151833,0.4353508628793312,39.15106761130235,269.7990549682013,0.5354237104640184
32.51655872231843,0.3951093874265701,28.49902842083813,234.6144249060012,0.664834111547334
36.235333251217966,0.3709553142245062,41.81134054157734,225.19860866042998,0.5590357488780296
33.49324524988277,0.3890770897092807,30.660660112022303,277.7024156541891,0.6156636593998498
32.173022027633074,0.35941398786813766,30.496610207131173,219.90893739515892,0.5957558097358915
37.76528053152812,0.38038036375890966,33.22363330099435,367.00426968475983,0.6154952420002848
35.3746585717719,0.36961114954538965,34.14167269736578,366.292029785649,0.5753678408194637
31.616758594397872,0.3693556560235413,36.86239260644304,329.8463920777645,0.5144263226024862
36.45879764375283,0.3915186049665171,20.55702333589319,403.0435024138572,0.4452600746808148
36.72331581655704,0.4279655306803226,22.192705616022188,323.44473267213556,0.4258817551159286
34.14611544454366,0.39868861907886877,25.725679605384975,312.21908331598036,0.4615859104785297
30.92507313364987,0.38832844192588983,37.586481166734195,225.06659043464666,0.6069114944509041
34.970781254837846,0.41565463939998526,34.20462001530405,204.50941916284717,0.6548031233017261
38.87802179191003,0.3374258042576475,26.109919960807716,464.26892129690646,0.5251152837841582
35.93431727583621,0.4028897673619098,29.40195183550694,282.06243153588184,0.4690970553273081
30.82350947586742,0.3631918338861396,32.377441400000826,258.3816201140719,0.5868499657651575
30.614734322238462,0.362716819526289,30.08824156841736,302.0227146057814,0.6849681585143372
27.182892947603495,0.37819443801112784,32.419699367658076,283.940109341547,0.6278899152345117
31.627275788344676,0.37094573449377743,28.79376702778938,328.68368879946195,0.5930259422193279
36.669325917992936,0.34411559379423623,30.453594546127924,355.51026429947143,0.56689454726194
32.525243252433036,0.3590788739301557,27.81701672387676,333.7670709155441,0.599946237227159
36.443322602387624,0.36865421565845286,24.780028639220973,286.0447055722291,0.5350383684774389
37.13916614005745,0.3705568170193543,33.04473816255701,343.18511165873565,0.5498640550034237
34.829473266363735,0.38429826982595794,39.25025653895356,222.39483567298382,0.559220187937119
33.55250055108847,0.40262844332200487,37.27601717010939,218.84299978055452,0.5375175857355343
37.132892791485446,0.40092948103365783,35.5661444374523,318.866156504818,0.5593883095767752
36.20002247544224,0.3915202202201911,38.52369538208522,274.40721799248615,0.5873171384416516
31.132559809283798,0.38300679421491934,27.49361826365839,283.59233555319315,0.5963932195508044
37.611655719963466,0.38680500636516235,35.09555798414467,224.8253280505878,0.6227873972912231
36.90377929546435,0.3490820209379991,27.519730324102436,218.08463632602928,0.6350090886653504
45.271502679428224,0.35176408831650907,25.789874713799193,204.19919866573335,0.6693470005263288
45.96642959005398,0.3446517828542643,32.5034120652109,313.25963829937007,0.5321312287519259
26.76544094509887,0.39286097089290506,29.508708702658055,229.07591353676335,0.6288554155744822
42.662793997195664,0.38588731670424015,34.25303004735868,223.25024282085556,0.582252796710208
38.794295907781525,0.38097825843141614,37.313133382768946,274.05982468125035,0.5535305835459282
37.32245028177557,0.3480050079798979,38.91763505621989,155.34245445238767,0.6981094665067976
40.457360477373975,0.37087085929061503,38.64086153666126,170.27281328075608,0.6741908987383735
33.353812181577105,0.3836797572482584,24.929598759886776,322.00346765222065,0.6110174957398748
31.744934596963567,0.4078230847963837,38.64211997480049,232.90210253296547,0.5847877141431163
30.49013762021458,0.39383265900083525,25.72192468235373,341.36100581169023,0.5553247025487771
31.95702946242822,0.40730962754155636,41.3082915354281,226.78684590335422,0.6160746465851487
29.47537123755934,0.397409865219848,41.40205344029577,212.74297059709835,0.5784300968057805
34.93285397030829,0.3921647888852731,27.26753846568136,157.74166590303668,0.6986906747935551
34.868943918174764,0.376277645406548,36.12485254967678,386.3026963590692,0.5467630754815576
32.594149627364565,0.37677388578746085,37.296653073666874,204.422218183313,0.5634913736716289
40.000069765887396,0.37320510489984104,21.04474042411243,366.09300513095826,0.5305603203960276
42.34591051257876,0.32274593457433226,29.726028778694605,300.2457127186352,0.5834908390483624
40.53110064611838,0.3565993064468933,29.64565660922761,386.02270580178106,0.5158850858769582
25.174687647229945,0.40373503043656866,32.183118542434414,219.18166187516218,0.4677808148481538
28.88810412462789,0.43196705323242435,26.4674733066635,307.8433083673846,0.5190655402000395
29.714309683922906,0.3915900425701158,40.743797400998176,265.353219867803,0.6098299956805598
29.052427319226542,0.3919960708291626,41.75611952824257,220.67515940027022,0.5876377579689203
28.27897208257232,0.413267249716914,44.75535691340378,248.07915908623815,0.6208005794044573
33.25450515254897,0.39690340130701823,44.85004531395353,288.4341534605746,0.5252920807642619
25.619670765145887,0.404949215918558,44.88216596438076,327.6288126385863,0.5150063008636375
33.480478655089115,0.42753830014068117,39.827355987656254,173.4419031930637,0.6363731444534022
36.0391052543526,0.39288602450576404,32.08188141439133,362.80331514982714,0.4394682547252399
29.622449038691585,0.40046657660545315,28.311167417778144,339.4116091995795,0.5042561729401586
29.852820538982666,0.39734816364609643,32.29253972508153,399.25651170626094,0.5035305408246199
28.778381165669554,0.41879672909751753,33.36814999302949,390.0247555855281,0.6149416243880492
31.040249367727235,0.3966406461607123,30.999825659502388,151.62232862336919,0.5569419132148566
22.70075641435352,0.42699361383756435,33.46760970863785,249.62002884811022,0.5997806345089193
19.409618292156456,0.45592778148975666,34.459943990500115,211.76635340862882,0.5617967360263172
27.999128391581447,0.44779453524254065,32.68323337279348,217.39718643095958,0.62569238877448
37.2440744570209,0.3677600828926236,34.362377359510624,218.17585933720667,0.6574031205509261
29.858241803315565,0.3863702046291445,33.243821219126545,303.04454346227743,0.5418158352495479
31.424201920171534,0.40918667515935475,37.44976943437181,333.76081466590347,0.5251195685766946
38.062192994659384,0.3646739460476836,30.84285651460342,210.91384508859122,0.6502999059048479
37.96515018781747,0.3588848678496634,30.340093323544917,260.6337576871356,0.621381300820396
39.85882517241055,0.3580652707177226,32.00436172163545,332.35099395905723,0.6197647043261088
38.133785089833744,0.38083818726747704,33.566222158247285,363.3143763988792,0.5234884764788814
41.159517229553224,0.3495916352729065,25.224033591251295,300.15018335233754,0.49391110481997746
25.161112857147796,0.40910238898530027,35.768497749254735,200.40044829716715,0.573682352594571
27.629226869186418,0.4243759832940138,35.414294287242505,234.00508244383118,0.6016951009645518
33.644252466585364,0.38825970179612457,29.847550064774353,213.65860350600659,0.6214379187194204
30.26907067590266,0.38764429356148833,29.771675581045745,204.47312821940682,0.6584495864972577
31.27962539677582,0.4099335615274205,36.21636163894615,189.42661273627408,0.6059203803401992
29.734415770384757,0.38891858301970567,31.215751692364197,238.52895181967293,0.6077533557190131
35.42753772380842,0.3928381484272013,33.77443640692945,169.21121042448806,0.640498631576112
25.96309214709873,0.38833053857186484,35.27279793937684,382.43973567757905,0.49771089683596825
26.440380472332563,0.39775196276201785,29.8903105785909,424.9171165914314,0.4510589197931182
22.981380555565707,0.46455544492374795,29.276171451245574,294.5651932368732,0.464833599420979
25.77738651188834,0.43170540348769837,34.77396708807181,316.8587601240828,0.5370648392330571
37.27729640782289,0.34374506653476117,34.250105691401174,244.1952134025992,0.6958330263903648
40.66037773511559,0.3601749293316605,31.267092352451424,210.72609408330243,0.5907332539226263
41.456169096909605,0.35439050757596485,36.870117679953566,261.67789137306977,0.5722734296569667
36.04362778242324,0.36816056681891723,36.361202340301254,404.78903004694115,0.5802223259467578
32.084747467437175,0.3793089469046536,36.64315702969236,260.4313069154881,0.5139060602463216
30.431850731748046,0.3820073856633325,29.0403846720637,266.50503982336994,0.5330150736972157
31.60943626494514,0.4197030903201946,31.928632774747985,248.05045660470088,0.5912237288918427
27.29922977710092,0.44292459433555725,23.914663589951726,170.37607832824278,0.5879872124996748
37.677576449709946,0.364295441773022,42.02491360274277,277.02640214184385,0.5457100612535492
36.20427155763484,0.3633804589518317,43.45096405161355,286.2122012236931,0.5634049857011859
40.6498346782881,0.3807954916113423,43.668789072505085,253.70384834127773,0.5774138163713188
27.48918431326052,0.39824328590051344,43.821659697155276,268.2008213532238,0.570527309809436
24.290014360515528,0.42823409026765363,40.68132167571088,239.6875905740903,0.6020675397392734
40.34396382337026,0.37856522039996826,21.87480937688797,292.081882468798,0.5342071713030041
28.63019296923457,0.37385626364832286,34.64986028414105,379.18430171381874,0.4519112451817853
30.074516528699135,0.3929461486967338,32.117992924565634,334.7782013186737,0.5046166386899793
37.32372662330115,0.38503054264829617,29.815146992349696,248.02071932381372,0.609183106924377
29.258281640835296,0.41683769871663057,34.731791975756344,304.200862650113,0.525022973109982
45.53266300963021,0.33663679719851536,32.887939255423355,502.59884107263605,0.5924079767941082
45.09876239054373,0.3297589426148974,35.8233444957561,392.34213379768136,0.4787361135243724
30.838789779849442,0.3794339014924539,38.493798489585416,240.55173817593763,0.6359214854003257
29.541186266680736,0.36686152946231004,39.48062901616888,326.369873923879,0.6901596158217572
30.528616167631572,0.38665432045510106,41.7793710744051,273.79210415683883,0.5288261254310611
32.7855048262832,0.38821689840380563,26.620759566451344,361.0227281816864,0.5098492720498846
38.0870148929156,0.33641635245571483,33.85224769304727,274.9499386261597,0.6472147654269887
39.56262965213455,0.3619985388730079,24.625334674795887,334.58980828530514,0.4900442161259893
33.00676195891262,0.37296202301584375,40.634279472815635,252.65920021644268,0.5988655751703666
39.12224451496669,0.3481222316215425,43.443169677165244,287.0824468192058,0.587847809498553
38.17910857265958,0.3495210398151236,44.11649205131238,275.67083819092176,0.5973749322120825
37.122598047657235,0.3495758343573314,43.423406653901495,343.6245410836345,0.5535848333849797
34.47380830851115,0.4440862219023471,40.60393842512449,164.1800745378157,0.6167700276461365
29.264434779788978,0.4053200794084621,39.99989795086745,224.5882993707487,0.5141961470724523
28.091218840408125,0.40067988256187415,37.383295681528224,359.982883556409,0.6210837469754174
31.561237772238492,0.43555395343740905,29.250502942987623,295.27689985926907,0.5824235732161678
38.92511314960411,0.3686425464654336,37.605781553985345,257.55457600956845,0.6906714600105092
23.282928139096313,0.4455737990783816,35.01828012591306,360.64800503832817,0.5775494630076239
42.72379535681381,0.3806143227203582,34.038384143415925,318.57738900998424,0.5633259255362855
28.11580687028068,0.38624252721693925,28.503630903320325,151.546727266674,0.6932453685423509
31.782437539123997,0.3877078875871074,40.77845784291902,336.28047180541955,0.5300970365092608
28.626745940228165,0.3832773389272558,27.26128727916311,292.83526731948814,0.5957331063416114
30.537324750299504,0.3669636136224733,27.600110733004588,304.29350910642864,0.5887551997482393
